priority_order,priority_tier,rank,code,code_type,clinical_theme,review_rows,top3_diagnosis_share,review_reduction_potential,source_risk_level,source_recommended_action,medgemma_confidence,diagnosis_cohort_safety,supported_prefixes_for_expert_review,prefixes_medgemma_says_keep_review,top_diagnoses,current_runtime_rule_context,medgemma_missing_evidence,medgemma_risk_notes,medgemma_reasoning_summary,expert_review_question,expert_decision,approved_prefixes_if_any,rejected_prefixes_if_any,official_source_or_committee_reference,expert_reviewer,expert_notes,human_admin_approval_present,shadow_staging_allowed_after_expert_approval,apply_ready,auto_apply
1,tier_1_policy_candidate,1,908115,sut_6_digit,covid_or_viral_infection,4278,0.66724304,high,medium,expert_review_for_cohort_auto_pass_candidate,0.9,narrow_candidate,B34;U07;R50;J06;R05,,B34.2:3148;U07.3:180;R50.9:145;J06.9:120;R05:108;R53:108;J02:77;Z00:73,"{""confidence"": ""medium"", ""diagnosis_policy"": ""conditional"", ""excluded_icd10_patterns_count"": 0, ""present_in_rules_by_sut_code"": true, ""required_icd10_patterns_count"": 0, ""review_required"": true, ""runtime_decision_mode"": ""manual_review""}",No specific missing evidence identified for this cohort.,"The cohort consists of diagnoses related to viral infections (B34, J06, J02, J18, J12), symptoms/findings (R50, R05, R53), and unspecified conditions (Z00, R50.9, J06.9). While generally plausible for a viral infection context, the specific combination and prevalence require expert validation to ensure appropriate application in the clinical workflow.","The top diagnoses (B34.2, U07.3, R50.9, J06.9, R05) represent common conditions associated with viral infections or their sequelae. The cohort appears clinically focused and narrow enough to warrant expert review for potential fast-tracking. The diagnoses are well-represented in the top results, suggesting a clear signal. No mapping issues are apparent. The diagnoses are plausible in the context of 'covid_or_viral_infection'.","Bu işlem kodunda MedGemma'nın desteklediği prefix kohortu (B34, U07, R50, J06, R05) domain expert onayıyla shadow staging adayına dönüştürülebilir mi?",,,,,,,False,False,False,False
2,tier_1_policy_candidate,2,906620,sut_6_digit,obstetric_pregnancy,3352,0.70268899,high,medium,expert_review_for_cohort_auto_pass_candidate,0.95,narrow_candidate,R53;R68;Z00;E55;Z33,,R53:2056;R68:535;Z00.0:179;E55.9:78;Z33:71;R10.4:58;E55:22;T78.4:22,"{""confidence"": ""medium"", ""diagnosis_policy"": ""review_required"", ""excluded_icd10_patterns_count"": 0, ""present_in_rules_by_sut_code"": true, ""required_icd10_patterns_count"": 0, ""review_required"": true, ""runtime_decision_mode"": ""manual_review""}",No specific missing evidence identified for the top diagnosis prefixes.,The cohort is clinically plausible but requires expert confirmation for policy refinement.;Potential for drift if policy is applied without expert review.,"The top diagnosis prefixes (R53, R68, Z00, E55, Z33) represent common obstetric symptoms, findings, and related conditions. This cohort appears narrow and clinically plausible for the procedure code 906620. The high confidence and clinical plausibility support fast-tracking to human expert review for potential policy refinement.","Bu işlem kodunda MedGemma'nın desteklediği prefix kohortu (R53, R68, Z00, E55, Z33) domain expert onayıyla shadow staging adayına dönüştürülebilir mi?",,,,,,,False,False,False,False
3,tier_1_policy_candidate,5,907450,sut_6_digit,obstetric_pregnancy,3544,0.61979522,medium_high,medium,expert_review_for_cohort_auto_pass_candidate,0.95,narrow_candidate,R53;R68;Z33;Z00;E55,,R53:2073;R68:463;Z33:188;Z00.0:181;E55.9:113;R10.4:65;N76.0:39;N92.6:31,"{""confidence"": ""medium"", ""diagnosis_policy"": ""review_required"", ""excluded_icd10_patterns_count"": 0, ""present_in_rules_by_sut_code"": true, ""required_icd10_patterns_count"": 0, ""review_required"": true, ""runtime_decision_mode"": ""manual_review""}",No specific missing evidence identified for the top diagnosis prefixes.,The cohort is clinically plausible but requires expert confirmation for policy refinement.;Potential for drift if policy is applied without expert review.,"The top diagnosis prefixes (R53, R68, Z33, Z00, E55) represent common obstetric symptoms, findings, and related conditions. This cohort appears narrow and clinically plausible for the procedure code 907450. The high confidence and clinical plausibility support fast-tracking to human expert review for potential policy refinement.","Bu işlem kodunda MedGemma'nın desteklediği prefix kohortu (R53, R68, Z33, Z00, E55) domain expert onayıyla shadow staging adayına dönüştürülebilir mi?",,,,,,,False,False,False,False
4,tier_1_policy_candidate,6,906880,sut_6_digit,non_specific_symptom_dominant,2522,0.570409,medium_high,medium_high,expert_review_for_conditional_review_refinement,0.9,conditional_only,R68;R53;Z00;E55;D50,R68;R53;Z00;E55;D50,R68:1556;R53:289;Z00.0:233;E55.9:220;D50.9:92;E03.9:65;D51.9:42;D51.8:40,"{""confidence"": ""medium"", ""diagnosis_policy"": ""review_required"", ""excluded_icd10_patterns_count"": 0, ""present_in_rules_by_sut_code"": true, ""required_icd10_patterns_count"": 1, ""review_required"": true, ""runtime_decision_mode"": ""manual_review""}",Specific clinical context for non-specific symptoms;Detailed patient history;Physical examination findings;Laboratory or imaging results,The diagnosis cohort is broad and includes non-specific symptoms. A conditional policy requires careful definition of the narrow cohort.;Potential for misdiagnosis or delayed diagnosis if review is reduced for patients outside the defined narrow cohort.;Need for clear documentation and training on the specific criteria for the narrow cohort.,"The clinical theme is non-specific symptom dominant. The top diagnoses are R68, R53, Z00.0, E55.9, D50.9. These are largely symptoms, signs, or general findings. The suggested policy hypothesis is to keep manual review except for a narrow, documented diagnosis cohort (R68, R53, Z00, E55, D50). This approach seems plausible as it targets a specific set of codes while maintaining review for others. The top diagnoses are largely symptoms/findings, making a conditional policy potentially feasible if the narrow cohort is well-defined and clinically justified. The confidence is high due to the clear separation of the top diagnoses into a potential narrow cohort and the remaining broader category. The assessment suggests eligibility for human expert fast-track review.","Bu işlem kodu için yalnızca dar ve belgelenmiş kohortta (R68, R53, Z00, E55, D50) manual REVIEW azaltımı tıbben ve policy açısından uygun olabilir mi? Hangi prefix'ler mutlaka REVIEW kalmalı?",,,,,,,False,False,False,False
5,tier_2_high_volume_conditional,42,801720,sut_6_digit,non_specific_symptom_dominant,4169,0.22147056,low,medium_high,manual_review_policy_observation,0.85,conditional_only,J;R;E;K;M;D50-D89;I;N,R05;J06;R50;J20;J30,R05:730;J06.9:713;R50.9:554;J20:463;J30.2:382;J20.9:372;E55.9:301;R07.4:241,"{""confidence"": ""medium"", ""diagnosis_policy"": ""review_required"", ""excluded_icd10_patterns_count"": 0, ""present_in_rules_by_sut_code"": true, ""required_icd10_patterns_count"": 0, ""review_required"": true, ""runtime_decision_mode"": ""manual_review""}","Specific context for symptom dominance (e.g., acute vs. chronic, specific patient population).;Detailed prevalence data for the top diagnoses in the context of non-specific symptoms.;Information on potential comorbidities or differential diagnoses not captured in the top diagnoses.","The 'non_specific_symptom_dominant' theme is broad. While the top diagnoses are plausible, the lack of specificity could lead to misdiagnosis or delayed diagnosis of underlying conditions.;Reliance on symptom codes (R codes) can be problematic due to their non-specificity. Review reduction should be approached cautiously.;The high prevalence of respiratory symptoms (J codes) might be influenced by seasonal factors or environmental conditions, which are not accounted for.;The top diagnoses represent a mix of acute and chronic conditions. The clinical context is crucial for differentiation.","The clinical theme 'non_specific_symptom_dominant' (code 801720) is associated with several plausible diagnoses, including respiratory symptoms (J codes), symptom codes (R codes), and other conditions like E55.9, R50.9, J20, J30.2, J20.9, R07.4, R53, J18.9. The top diagnoses (R05, J06.9, R50.9, J20, J30.2) are clinically relevant given non-specific symptoms. However, the theme itself is broad, and the diagnoses are somewhat heterogeneous. The high confidence (0.85) and the fact that the code is present in the rules support the plausibility. The diagnosis cohort safety is considered 'conditional_only' because the non-specific nature requires careful clinical judgment. The mapping assessment is 'not_needed' as the code is directly linked to the theme. Given the high confidence and plausible diagnoses, the recommendation is to send this to a human expert for priority review (eligible_for_human_expert_fast_track=true). The prefixes to keep under manual review (R05, J06, R50, J20, J30) are those representing the most frequent symptom categories or specific conditions identified within the non-specific symptom theme, requiring expert validation.","Bu işlem kodu için yalnızca dar ve belgelenmiş kohortta (J, R, E, K, M, D50-D89, I, N) manual REVIEW azaltımı tıbben ve policy açısından uygun olabilir mi? Hangi prefix'ler mutlaka REVIEW kalmalı?",,,,,,,False,False,False,False
6,tier_2_high_volume_conditional,44,803570,sut_6_digit,non_specific_symptom_dominant,2612,0.24077181,low,medium_high,manual_review_policy_observation,0.85,conditional_only,R10;E55;R11;N39;R53;K21;R50;J06;K30;A09,R10;E55;R11;N39;R53,R10.4:825;E55.9:368;R11:242;N39.0:195;R53:164;K21:142;R50.9:111;J06.9:110,"{""confidence"": ""medium"", ""diagnosis_policy"": ""review_required"", ""excluded_icd10_patterns_count"": 0, ""present_in_rules_by_sut_code"": true, ""required_icd10_patterns_count"": 0, ""review_required"": true, ""runtime_decision_mode"": ""manual_review""}","Specific context for symptom presentation (e.g., duration, severity, associated signs).;Differential diagnoses beyond the top diagnoses listed.;Patient demographics (age, sex, comorbidities) which could influence diagnosis probability.","The top diagnoses are non-specific symptoms or findings (R codes) and conditions with broad symptom overlap (e.g., E55.9, K21).;Reliance on symptom codes increases the risk of misdiagnosis or delayed diagnosis of underlying conditions.;The clinical context is crucial for interpreting these symptoms and determining the appropriate diagnostic pathway. Review reduction without careful consideration could lead to inappropriate care.","The candidate code (803570) maps to a clinical theme dominated by non-specific symptoms. The top diagnoses include several R codes (symptoms/findings) and conditions with vague presentations. While the aggregate data shows a plausible distribution, the lack of specificity in the symptoms makes it difficult to definitively rule out serious underlying conditions without further clinical context. Therefore, while the distribution is plausible, manual review is recommended to ensure appropriate clinical evaluation and prevent potential harm due to reliance on non-specific symptom codes. The high confidence and plausible clinical picture support fast-tracking to a human expert for review.","Bu işlem kodu için yalnızca dar ve belgelenmiş kohortta (R10, E55, R11, N39, R53, K21, R50, J06, K30, A09) manual REVIEW azaltımı tıbben ve policy açısından uygun olabilir mi? Hangi prefix'ler mutlaka REVIEW kalmalı?",,,,,,,False,False,False,False
7,tier_2_high_volume_conditional,45,530100,sut_6_digit,non_specific_symptom_dominant,2428,0.29020333,low,medium_high,manual_review_policy_observation,0.85,conditional_only,R07;I10;R00;R11;E55;R06;R10;R53;M79,R07;I10;R00;R11,R07.4:853;I10:329;R00.2:231;R07.3:176;R11:141;E55.9:138;R06.0:135;R10.4:119,"{""confidence"": ""medium"", ""diagnosis_policy"": ""review_required"", ""excluded_icd10_patterns_count"": 0, ""present_in_rules_by_sut_code"": true, ""required_icd10_patterns_count"": 0, ""review_required"": true, ""runtime_decision_mode"": ""manual_review""}","Specific context for R07.4 (e.g., specific type of pain, duration);Specific context for I10 (e.g., type of heart disease, severity);Specific context for R00.2 (e.g., specific type of chest pain, radiation);Specific context for R11 (e.g., specific type of dizziness, cause);Specific context for E55.9 (e.g., specific endocrine disorder, symptoms);Specific context for R06.0 (e.g., specific type of localized edema);Specific context for R10.4 (e.g., specific type of visual disturbance);Specific context for R53 (e.g., specific type of headache);Specific context for M79.1 (e.g., specific type of back pain, location)","The top diagnoses are non-specific symptoms and findings (R codes) and general conditions (I10, E55.9).;Without specific context or associated findings, these codes can be ambiguous and may not represent the underlying cause.;Review reduction could lead to misdiagnosis or delayed treatment if the underlying cause is missed.;The prevalence of symptom codes suggests a need for careful evaluation to differentiate between various potential underlying conditions.","The clinical theme is non-specific symptom dominant. The top diagnoses are primarily symptom codes (R codes) and general conditions like essential hypertension (I10) and unspecified hypothyroidism (E55.9). While the aggregate distribution shows a concentration in symptom codes, the specific context for these symptoms is missing at the aggregate level. The diagnosis cohort is plausible but requires careful interpretation due to the non-specificity. The confidence is high based on the aggregate data. The assessment suggests that while the distribution is plausible, the non-specific nature warrants expert review to ensure appropriate diagnosis and management, especially given the potential for serious underlying conditions masked by general symptoms. Therefore, the recommendation is to send this to an expert for priority review.","Bu işlem kodu için yalnızca dar ve belgelenmiş kohortta (R07, I10, R00, R11, E55, R06, R10, R53, M79) manual REVIEW azaltımı tıbben ve policy açısından uygun olabilir mi? Hangi prefix'ler mutlaka REVIEW kalmalı?",,,,,,,False,False,False,False
8,tier_2_high_volume_conditional,47,905670,sut_6_digit,non_specific_symptom_dominant,1733,0.40892054,low,medium_high,manual_review_policy_observation,0.85,conditional_only,J06;J39;J03;E55;J00;J11;R50;R05;J30;R68,J06;R68;J39;J03;E55,J06.9:602;R68:246;J39.9:243;J03.9:185;E55.9:170;J00:100;J11.1:84;R50.9:74,"{""confidence"": ""medium"", ""diagnosis_policy"": ""review_required"", ""excluded_icd10_patterns_count"": 0, ""present_in_rules_by_sut_code"": true, ""required_icd10_patterns_count"": 0, ""review_required"": true, ""runtime_decision_mode"": ""manual_review""}","Specific context for R68 (e.g., fall, injury mechanism);Specific context for J03.9 (e.g., specific upper respiratory infection);Specific context for J39.9 (e.g., specific lower respiratory infection);Specific context for J06.9 (e.g., specific acute upper respiratory infection);Specific context for E55.9 (e.g., specific nutritional deficiency);Specific context for J00 (e.g., specific acute nasopharyngitis);Specific context for J11.1 (e.g., specific influenza);Specific context for R50.9 (e.g., specific headache);Specific context for R05 (e.g., specific cough);Specific context for J30.2 (e.g., specific acute bronchitis)","Non-specific symptom dominance (J06, J39, J03, J00, J11, R50, R05, J30) makes it difficult to rule out serious underlying conditions without further context.;R68 (Other symptoms and signs involving the circulatory and lymphatic systems) is very broad and requires specific context.;E55.9 (Other specific nutritional and metabolic deficiencies) is broad and requires specific context.;The combination of symptoms could represent multiple conditions or a single complex condition.;The top diagnoses are common but require careful evaluation to exclude more serious pathology.","The candidate code (905670) maps to a set of diagnoses dominated by non-specific symptoms (e.g., J06, R68, J39, J03, E55) and common conditions (J00, J11, R50, R05, J30). While the diagnoses are plausible and represent common presentations, the lack of specificity raises concerns about potentially missing serious underlying conditions. The top diagnoses are common respiratory symptoms, circulatory/lymphatic symptoms, and nutritional deficiencies. The clinical plausibility is assessed as 'plausible' given the common nature of these symptoms, but the safety is 'conditional_only' due to the non-specific nature. The confidence is high (0.85) because the mapping is clear and the diagnoses are common. The assessment recommends sending to a human expert for priority review (eligible_for_human_expert_fast_track=true) because while the diagnoses are plausible, the non-specific nature requires expert clinical judgment to ensure appropriate workup and rule out serious conditions. The prefixes J06, R68, J39, J03, and E55 are kept under manual review due to their broad nature and potential for serious underlying causes.","Bu işlem kodu için yalnızca dar ve belgelenmiş kohortta (J06, J39, J03, E55, J00, J11, R50, R05, J30, R68) manual REVIEW azaltımı tıbben ve policy açısından uygun olabilir mi? Hangi prefix'ler mutlaka REVIEW kalmalı?",,,,,,,False,False,False,False
9,tier_2_high_volume_observation_to_expert,8,906640,sut_6_digit,obstetric_pregnancy,1151,0.51631117,medium,medium,manual_review_policy_observation,0.9,narrow_candidate,R53;R68;Z33;E55;Z00;R10;N76;N92;Z01,R53;R68;Z33;E55;Z00;R10;N76;N92;Z01,R53:580;R68:173;Z33:70;E55.9:62;Z00.0:33;R10.4:30;N76.0:25;N92.6:23,"{""confidence"": ""medium"", ""diagnosis_policy"": ""review_required"", ""excluded_icd10_patterns_count"": 0, ""present_in_rules_by_sut_code"": true, ""required_icd10_patterns_count"": 3, ""review_required"": true, ""runtime_decision_mode"": ""manual_review""}",Detailed clinical context for each diagnosis code is missing. Aggregate data provides plausibility but not specific patient scenarios.;Information on the prevalence and severity of these conditions in the target population is not available.;Specific guidelines or standard practices for managing these conditions in the context of the code are not provided.,"While the top diagnoses appear plausible for obstetric/pregnancy contexts, the lack of specific clinical context makes it difficult to assess the full risk profile.;The concentration on symptoms/findings (R codes) and factors/status (Z codes) requires careful interpretation. Are these primary diagnoses or secondary findings?;The potential for misinterpretation or inappropriate application exists without detailed clinical context.","The aggregate diagnosis distribution (R53, R68, Z33, E55, Z00, R10, N76, N92, Z01) appears clinically plausible within the obstetric/pregnancy theme. The top diagnoses are concentrated in symptom/finding (R) and factor/status (Z) categories, which is common in this area. The distribution is relatively narrow, suggesting a focused cohort. The confidence is high based on the aggregate data. The mapping assessment is 'not_needed' as the code is present in rules by SUT code. Given the high confidence and narrow cohort, this candidate is eligible for human expert fast-track review.","Bu işlem kodunda MedGemma'nın desteklediği prefix kohortu (R53, R68, Z33, E55, Z00, R10, N76, N92, Z01) domain expert onayıyla shadow staging adayına dönüştürülebilir mi?",,,,,,,False,False,False,False
10,tier_3_conditional_or_safety_review,9,906780,sut_6_digit,non_specific_symptom_dominant,905,0.54371357,medium,medium_high,manual_review_policy_observation,0.85,conditional_only,R68;R53;E55.9;M25.5;Z00.0;M35.9;M79.1;M06.9;M35.0;M45.9,R68;R53;E55;M25;Z00,R68:303;R53:264;E55.9:86;M25.5:69;Z00.0:34;M35.9:25;M79.1:20;M06.9:18,"{""confidence"": ""medium"", ""diagnosis_policy"": ""review_required"", ""excluded_icd10_patterns_count"": 0, ""present_in_rules_by_sut_code"": true, ""required_icd10_patterns_count"": 0, ""review_required"": true, ""runtime_decision_mode"": ""manual_review""}","Specific context for R68 (Fall/unspecified);Specific context for R53 (Headache);Specific context for E55.9 (Hypothyroidism, unspecified);Specific context for M25.5 (Pain in joint);Specific context for Z00.0 (Encounter for general adult medical examination without abnormal findings);Specific context for M35.9 (Low back pain, unspecified);Specific context for M79.1 (Pain in limb);Specific context for M06.9 (Polymyalgia rheumatica, unspecified);Specific context for M35.0 (Low back pain with radiculopathy);Specific context for M45.9 (Low back pain, unspecified)","Non-specific symptom dominance (clinical_theme) requires careful evaluation.;The top diagnoses are broad symptom/finding codes (R codes) and non-specific musculoskeletal/other codes, which could represent various underlying conditions. Review reduction might miss specific diagnoses.;The diagnosis distribution is spread across multiple chapters, indicating a lack of focus on a specific system or disease category. This makes it harder to assess the overall clinical picture without more context.;The top diagnoses (R68, R53, E55.9, M25.5, Z00.0, M35.9, M79.1, M06.9, M35.0, M45.9) are common and can be associated with a wide range of conditions, some serious. Manual review is needed to ensure appropriate diagnosis and management.;The relatively high entropy (0.6175) suggests a diverse set of diagnoses, potentially making it harder to pinpoint a specific condition without further information.","The clinical theme is non-specific symptom dominant. The top diagnoses are broad codes like R68 (Fall/unspecified), R53 (Headache), E55.9 (Hypothyroidism, unspecified), M25.5 (Pain in joint), Z00.0 (General exam), M35.9 (Low back pain), M79.1 (Limb pain), M06.9 (Polymyalgia rheumatica), M35.0 (Low back pain with radiculopathy), M45.9 (Low back pain). While the aggregate distribution is plausible, the non-specificity of the top codes warrants caution. The diagnosis distribution is broad (multiple chapters). The confidence is high (0.85) based on the aggregate data. The diagnosis cohort safety is considered 'conditional_only' because the broad symptom codes require careful interpretation in context. Mapping assessment is 'not_needed' as the codes are generally well-defined. Given the high confidence and plausible distribution but the need for context due to non-specific symptoms, the recommendation is to send this to a human expert for priority review (eligible_for_human_expert_fast_track=true). The prefixes to keep under manual review (R68, R53, E55, M25, Z00) are those representing the most frequent, but also potentially non-specific, symptom/finding categories.","Bu işlem kodu için yalnızca dar ve belgelenmiş kohortta (R68, R53, E55.9, M25.5, Z00.0, M35.9, M79.1, M06.9, M35.0, M45.9) manual REVIEW azaltımı tıbben ve policy açısından uygun olabilir mi? Hangi prefix'ler mutlaka REVIEW kalmalı?",,,,,,,False,False,False,False
11,tier_3_conditional_or_safety_review,13,700530,sut_6_digit,cardiology_symptom_or_monitoring,373,0.56239016,medium,medium,manual_review_policy_observation,0.85,conditional_only,R07;I10;R06;R00;I25;E55;I49;R10;I20,R07;I10;R06;R00,R07.4:229;I10:52;R06.0:39;R00.2:39;R07.3:36;I25.1:22;E55.9:22;I49:8,"{""confidence"": ""medium"", ""diagnosis_policy"": ""review_required"", ""excluded_icd10_patterns_count"": 0, ""present_in_rules_by_sut_code"": true, ""required_icd10_patterns_count"": 0, ""review_required"": true, ""runtime_decision_mode"": ""manual_review""}","Specificity of symptoms/findings for R07.4, R06.0, R00.2, R07.3, I25.1, E55.9, I49, R10.4, I20.;Context of I10 (Essential (primary) hypertension) - is it related to the SUT code?;Confirmation of diagnosis for less frequent codes (I25.1, E55.9, I49, R10.4, I20).","The top diagnoses are primarily symptoms/findings (R codes) and hypertension (I10).;The clinical theme is cardiology symptom or monitoring, which aligns with some diagnoses but not all (e.g., R06.0 - general symptoms, R00.2 - general symptoms).;The specificity level is medium, indicating a mix of specific and non-specific diagnoses.;The top diagnoses represent a significant portion (56%) of the review rows, but the remaining 44% are spread across 67 unique diagnoses, some with very low counts. This heterogeneity might indicate a need for careful review to ensure the SUT code is appropriate for all these conditions or if the code is being misapplied.;The diagnosis cohort includes symptoms, findings, and specific conditions. While plausible, the reliance on symptom codes requires careful consideration of the clinical context and potential for misdiagnosis or incomplete information.","The aggregate diagnosis distribution shows a concentration in symptom/finding codes (R codes) and hypertension (I10), which are plausible within a cardiology context. However, the presence of less specific codes and the overall heterogeneity across 67 unique diagnoses warrant expert review to ensure the SUT code is clinically appropriate and not being misapplied. The high confidence (0.85) and plausible clinical picture support fast-tracking for human expert review.","Bu işlem kodu için yalnızca dar ve belgelenmiş kohortta (R07, I10, R06, R00, I25, E55, I49, R10, I20) manual REVIEW azaltımı tıbben ve policy açısından uygun olabilir mi? Hangi prefix'ler mutlaka REVIEW kalmalı?",,,,,,,False,False,False,False
12,tier_3_conditional_or_safety_review,24,701230,sut_6_digit,non_specific_symptom_dominant,197,0.50242326,medium,medium_high,manual_review_policy_observation,0.85,conditional_only,R05;R06;J30;E55;R53;J01;R07;J45;J18,R05;R06;J30;E55;R53,R05:132;R06.0:99;J30.2:80;E55.9:76;R53:72;J01.9:26;R07.4:19;J45.9:15,"{""confidence"": ""medium"", ""diagnosis_policy"": ""review_required"", ""excluded_icd10_patterns_count"": 0, ""present_in_rules_by_sut_code"": true, ""required_icd10_patterns_count"": 0, ""review_required"": true, ""runtime_decision_mode"": ""manual_review""}","Specific context for R05 (e.g., fever, chills, malaise);Specific context for R06.0 (e.g., chest pain, shortness of breath);Specific context for J30.2 (e.g., acute bronchitis);Specific context for E55.9 (e.g., hypothyroidism);Specific context for R53 (e.g., dizziness, vertigo);Specific context for J01.9 (e.g., common cold);Specific context for R07.4 (e.g., toothache);Specific context for J45.9 (e.g., asthma);Specific context for R07.3 (e.g., headache);Specific context for J18.9 (e.g., pneumonia)",Non-specific symptoms can mask serious underlying conditions.;Reliance on symptom codes alone may lead to missed diagnoses.;The broad nature of the top diagnoses requires careful clinical interpretation.,"The top diagnoses are plausible given the symptom-dominant theme (R codes, J codes, E codes). The diagnoses are relatively common and could represent a range of conditions. The confidence is high due to the aggregate data. However, the non-specific nature of the symptoms (e.g., R05 - fever, R06.0 - cough, J30.2 - acute bronchitis) warrants caution. While the diagnoses themselves are plausible, the lack of specific context makes it difficult to definitively rule out other conditions. Therefore, while review reduction might be considered, expert review is recommended to ensure clinical safety, especially given the potential for serious underlying causes presenting with non-specific symptoms. The prefixes to keep review are those representing the most frequent symptom codes, as these are the primary drivers of the current diagnosis distribution. The diagnoses are generally plausible, but the lack of specificity requires expert oversight.","Bu işlem kodu için yalnızca dar ve belgelenmiş kohortta (R05, R06, J30, E55, R53, J01, R07, J45, J18) manual REVIEW azaltımı tıbben ve policy açısından uygun olabilir mi? Hangi prefix'ler mutlaka REVIEW kalmalı?",,,,,,,False,False,False,False
13,tier_3_conditional_or_safety_review,27,907222,sut_6_digit,non_specific_symptom_dominant,180,0.66513761,medium,medium_high,manual_review_policy_observation,0.85,conditional_only,Z00;R05;J06;R50;J18,Z00;R05;J06;R50;J18,Z00.0:119;R05:13;J06.9:13;R50.9:7;J18:5;R68:4;R51:3;R10.4:3,"{""confidence"": ""medium"", ""diagnosis_policy"": ""review_required"", ""excluded_icd10_patterns_count"": 0, ""present_in_rules_by_sut_code"": true, ""required_icd10_patterns_count"": 0, ""review_required"": true, ""runtime_decision_mode"": ""manual_review""}","Specific context for R05 (e.g., fever, rash);Specific context for J06.9 (e.g., acute vs chronic, specific symptoms);Specific context for J18 (e.g., type of inflammation);Specific context for R50.9 (e.g., location, nature of pain);Specific context for Z00.0 (e.g., reason for encounter)","Non-specific symptoms can mask serious underlying conditions.;Reliance on symptom codes without specific context may lead to missed diagnoses.;The high prevalence of Z00.0 might indicate administrative reasons for encounter rather than specific clinical need, potentially masking other issues.;The combination of symptoms (R codes) needs careful evaluation to rule out specific diseases.","The top diagnoses are plausible but non-specific (Z codes, R codes). While the aggregate distribution is clear (Z00.0 is dominant), the lack of specificity requires careful clinical judgment. The prefixes identified (Z00, R05, J06, R50, J18) represent common symptom-related codes. Given the high confidence and plausible nature, but the need for clinical context due to non-specificity, fast-tracking for human expert review is recommended to ensure appropriate diagnosis and management, especially to rule out more serious conditions masked by non-specific symptoms. The diagnosis cohort is considered 'conditional_only' because the codes themselves are plausible but require clinical context for safety.","Bu işlem kodu için yalnızca dar ve belgelenmiş kohortta (Z00, R05, J06, R50, J18) manual REVIEW azaltımı tıbben ve policy açısından uygun olabilir mi? Hangi prefix'ler mutlaka REVIEW kalmalı?",,,,,,,False,False,False,False
14,tier_4_lower_volume_expert_queue,15,704530,sut_6_digit,obstetric_pregnancy,297,0.53996101,medium,medium,manual_review_policy_observation,0.9,narrow_candidate,Z33;R10;Z34;N76,Z33;R10;Z34;N76,Z33:222;R10.2:32;Z34:23;R10:22;N76.0:20;R25.2:17;D64:14;D64.9:13,"{""confidence"": ""medium"", ""diagnosis_policy"": ""review_required"", ""excluded_icd10_patterns_count"": 0, ""present_in_rules_by_sut_code"": true, ""required_icd10_patterns_count"": 0, ""review_required"": true, ""runtime_decision_mode"": ""manual_review""}",Detailed clinical context for each diagnosis code is missing. Aggregate data provides plausibility but not specific patient details.,"While the top diagnoses are plausible in the context of obstetric pregnancy, the aggregate nature prevents a full risk assessment. Specific patient factors could alter the clinical picture significantly. The 'narrow candidate' assessment is based on the prevalence of these codes within the provided dataset, not necessarily their universal applicability or safety in all obstetric scenarios.","The candidate code (704530) maps to a set of diagnoses (Z33, R10.2, Z34, R10, N76.0, R25.2, D64, D64.9, E55.9, E55) that are clinically plausible within the 'obstetric_pregnancy' theme. The top diagnoses (Z33, R10, Z34, N76) represent common scenarios or findings related to pregnancy and childbirth. The aggregate data suggests a focused cohort, making it a strong candidate for review reduction. The high confidence and narrow cohort support fast-tracking for human expert review.","Bu işlem kodunda MedGemma'nın desteklediği prefix kohortu (Z33, R10, Z34, N76) domain expert onayıyla shadow staging adayına dönüştürülebilir mi?",,,,,,,False,False,False,False
15,tier_4_lower_volume_expert_queue,20,703790,sut_6_digit,eye_ear,212,0.50536193,medium,medium,manual_review_policy_observation,0.9,narrow_candidate,H52;H40;H04;H43;H52.4;H52.0;H47.5;H35.3;H18.3,H52;H40;H04;H43,H52.2:145;H40.0:144;H52.1:88;H04.1:55;H43.3:46;H52.4:37;H52.0:24;H47.5:22,"{""confidence"": ""medium"", ""diagnosis_policy"": ""review_required"", ""excluded_icd10_patterns_count"": 0, ""present_in_rules_by_sut_code"": true, ""required_icd10_patterns_count"": 0, ""review_required"": true, ""runtime_decision_mode"": ""manual_review""}",Detailed clinical context for each diagnosis code.;Specific patient demographics or comorbidities that might influence diagnosis prevalence.;Evidence regarding the specificity of the SUT code 703790 for these diagnoses.,"The top diagnoses are related to ear and hearing conditions (H codes).;The cohort appears clinically focused on these specific conditions.;Potential for misdiagnosis or overlapping conditions exists, requiring expert validation.;The specificity level is medium, suggesting potential for broader interpretation or overlap with other conditions.","The aggregate diagnosis distribution for SUT code 703790 shows a strong concentration in specific ear and hearing related ICD-10 codes (H codes), particularly H52 (hearing impairment), H40 (otitis media), H04 (otitis externa), and H43 (other ear diseases). The top diagnoses (H52.2, H40.0, H52.1, H04.1, H43.3) represent a significant portion of the total cases (over 90%). The diagnosis cohort appears clinically narrow and plausible for this SUT code. The confidence is high due to the clear concentration. Mapping is not needed as the codes are well-defined. The recommended action is to send this candidate to a human expert for priority review due to the clinical focus and potential impact.","Bu işlem kodunda MedGemma'nın desteklediği prefix kohortu (H52, H40, H04, H43, H52.4, H52.0, H47.5, H35.3, H18.3) domain expert onayıyla shadow staging adayına dönüştürülebilir mi?",,,,,,,False,False,False,False
16,tier_4_lower_volume_expert_queue,21,803710,sut_6_digit,obstetric_pregnancy,211,0.59202454,medium,medium,manual_review_policy_observation,0.85,conditional_only,Z33;Z34;Z35;R10;E55,Z33;Z34;Z35;R10;E55,Z33:160;Z34:22;Z35:11;R10:10;E55.9:9;O20.0:8;O41.0:7;R10.2:6,"{""confidence"": ""medium"", ""diagnosis_policy"": ""review_required"", ""excluded_icd10_patterns_count"": 0, ""present_in_rules_by_sut_code"": true, ""required_icd10_patterns_count"": 0, ""review_required"": true, ""runtime_decision_mode"": ""manual_review""}","Specific clinical context for Z33, Z34, Z35, R10, E55.9, O20.0, O41.0, R10.2, N76.0, E03.9 is needed to fully assess clinical plausibility and risk.","The diagnosis cohort includes codes related to pregnancy (O codes), symptoms/findings (R codes), and various other conditions (E, N, D, K). The clinical theme is obstetric pregnancy, but the top diagnoses span multiple chapters. The high prevalence of Z codes (factors/status) might indicate administrative or coding factors rather than direct clinical conditions, potentially masking underlying issues. The specificity level is medium, and the top diagnoses share is relatively low (59%), suggesting potential heterogeneity or incomplete representation. The presence of codes like R10 (Symptoms/findings) requires careful consideration of the clinical context.","The aggregate diagnosis distribution includes several plausible codes related to pregnancy and associated conditions (Z33, Z34, Z35, O codes, R10, E55.9). The top diagnoses cover multiple chapters (Z, O, E, R, N), indicating a broad range of potential clinical scenarios. The high confidence (0.85) and plausible clinical assessment support moving forward, but the conditional nature of the safety assessment and the need for expert review to interpret the specific context and ensure appropriate application are crucial. The diagnosis cohort is relatively narrow compared to the full spectrum of obstetric pregnancy, but the top diagnoses are clinically relevant. The mapping assessment is 'not_needed' as the code is present in the rules. The recommended action is to send this candidate to a human expert for priority review due to the potential clinical relevance and the need for nuanced interpretation.","Bu işlem kodu için yalnızca dar ve belgelenmiş kohortta (Z33, Z34, Z35, R10, E55) manual REVIEW azaltımı tıbben ve policy açısından uygun olabilir mi? Hangi prefix'ler mutlaka REVIEW kalmalı?",,,,,,,False,False,False,False
17,tier_4_lower_volume_expert_queue,23,907440,sut_6_digit,obstetric_pregnancy,199,0.68534483,medium,medium,manual_review_policy_observation,0.85,narrow_candidate,R53;Z33;E55;R10;N39;D76;R50;D50;E03;Z34,R53;Z33;E55;R10;N39,R53:147;Z33:8;E55.9:4;R10.4:3;N39.0:3;Z34:3;D76.0:3;R50.9:2,"{""confidence"": ""medium"", ""diagnosis_policy"": ""review_required"", ""excluded_icd10_patterns_count"": 0, ""present_in_rules_by_sut_code"": true, ""required_icd10_patterns_count"": 0, ""review_required"": true, ""runtime_decision_mode"": ""manual_review""}","Detailed clinical context for specific diagnoses within the cohort.;Evidence regarding the prevalence and clinical significance of less common diagnoses (e.g., Z34, D76.0, R50.9, D50, E03) in the context of the primary diagnoses (R53, Z33, E55, R10, N39).;Specific evidence linking the SUT code to the observed diagnoses.","The top diagnoses (R53, Z33, E55, R10, N39) represent a range of conditions, some potentially serious (e.g., E55 - Endocrine disorders, N39 - Specific urethral disorders). While the cohort appears narrow based on the top diagnoses, the clinical significance varies.;The high concentration of 'R Symptoms/findings' codes (R53) requires careful consideration. Are these symptoms directly related to the intended clinical scenario, or are they incidental findings?;The presence of 'Z Factors/status' codes (Z33, Z34) indicates factors influencing health status or healthcare utilization. Their relevance to the primary clinical theme needs clarification.;The specificity level is medium, suggesting potential ambiguity in the diagnosis codes. Further refinement might be needed to ensure accurate targeting.","The aggregate diagnosis distribution shows a concentration in 'R Symptoms/findings' (R53) and 'Z Factors/status' (Z33), along with specific diagnoses like 'E55' (Endocrine), 'R10' (Symptoms related to urinary system), and 'N39' (Urethral disorders). The top diagnoses represent a plausible, albeit broad, set of conditions related to obstetric pregnancy, potentially including complications or related symptoms/findings. The high concentration in R53 warrants careful review to ensure relevance. The cohort appears relatively narrow based on the top diagnoses, but the clinical significance varies. Given the high confidence and narrow cohort, the candidate is eligible for human expert fast-track review.","Bu işlem kodunda MedGemma'nın desteklediği prefix kohortu (R53, Z33, E55, R10, N39, D76, R50, D50, E03, Z34) domain expert onayıyla shadow staging adayına dönüştürülebilir mi?",,,,,,,False,False,False,False
18,tier_4_lower_volume_expert_queue,25,906610,sut_6_digit,obstetric_pregnancy,195,0.67811159,medium,medium,manual_review_policy_observation,0.85,narrow_candidate,R53;Z33;E55;D50;E56;Z34;N39.0;J30.2;D76.0,R53;Z33;E55;D50;E56,R53:147;Z33:6;E55.9:5;D50:4;E56:4;Z34:3;N39.0:3;J30.2:3,"{""confidence"": ""medium"", ""diagnosis_policy"": ""review_required"", ""excluded_icd10_patterns_count"": 0, ""present_in_rules_by_sut_code"": true, ""required_icd10_patterns_count"": 0, ""review_required"": true, ""runtime_decision_mode"": ""manual_review""}","Detailed clinical context for specific diagnoses (e.g., R53, Z33, E55, D50, E56).;Severity and duration of symptoms or conditions.;Patient demographics (age, parity, etc.) to refine diagnosis relevance.;Specific clinical guidelines or protocols supporting the use of this code in this context.","The top diagnoses (R53, Z33, E55, D50, E56) are broad and require clinical context for accurate interpretation. Misinterpretation could lead to inappropriate care.;The specificity level is medium, indicating potential ambiguity in the code's application.;Reliance on aggregate data without case-level context carries inherent risks.","The candidate code (906610) maps to a set of diagnoses (R53, Z33, E55, D50, E56, Z34, N39.0, J30.2, D76.0) primarily related to symptoms, pregnancy-related factors, and general health conditions. The top diagnoses (R53, Z33, E55, D50, E56) represent a clinically plausible cohort for obstetric pregnancy, with R53 (Fetal heart rate or amniotic fluid abnormality) being the most frequent. The diagnoses are relatively narrow and specific within the context of pregnancy, suggesting a focused cohort. The high confidence (0.85) and clinical plausibility support fast-tracking for human expert review. However, the broad nature of some codes (e.g., R53, E55) necessitates expert validation to ensure appropriate clinical application. The mapping assessment indicates no immediate mapping issues. The review reduction potential is medium, suggesting potential for future automation but requires current expert oversight.","Bu işlem kodunda MedGemma'nın desteklediği prefix kohortu (R53, Z33, E55, D50, E56, Z34, N39.0, J30.2, D76.0) domain expert onayıyla shadow staging adayına dönüştürülebilir mi?",,,,,,,False,False,False,False
19,tier_4_lower_volume_expert_queue,30,906510,sut_6_digit,obstetric_pregnancy,159,0.78409091,medium,medium,manual_review_policy_observation,0.85,narrow_candidate,R68;Z00;R53;Z01;B15;E55;G35;E78;B18;Z34,R68;Z00;R53;Z01;B15,R68:74;Z00.0:44;R53:20;Z01:5;B15:4;E55.9:4;G35:2;E78.5:2,"{""confidence"": ""medium"", ""diagnosis_policy"": ""review_required"", ""excluded_icd10_patterns_count"": 0, ""present_in_rules_by_sut_code"": true, ""required_icd10_patterns_count"": 0, ""review_required"": true, ""runtime_decision_mode"": ""manual_review""}","Specificity of R68 (e.g., which symptom/finding);Context for Z00.0 (e.g., specific encounter);Details for R53 (e.g., specific type of pain);Details for Z01 (e.g., specific type of encounter);Details for B15 (e.g., specific type of infection)","The top diagnoses are broad (symptoms, findings, factors/status).;Lack of specificity could lead to misinterpretation or inappropriate care if used without context.;The combination of codes might indicate a specific condition, but the aggregate data doesn't reveal it.","The aggregate diagnosis distribution (R68, Z00.0, R53, Z01, B15) is clinically plausible for obstetric pregnancy, representing common symptoms, findings, and factors. The top diagnoses are narrow and represent a significant portion of the cases. The clinical theme is well-defined. The confidence is high. The diagnosis cohort appears narrow. Mapping is not required as the code is present in the rules. Therefore, this candidate is eligible for human expert fast-track review.","Bu işlem kodunda MedGemma'nın desteklediği prefix kohortu (R68, Z00, R53, Z01, B15, E55, G35, E78, B18, Z34) domain expert onayıyla shadow staging adayına dönüştürülebilir mi?",,,,,,,False,False,False,False
