"request_id","rank","code","code_type","lookup_status","clinical_theme","review_rows","top3_diagnosis_share","review_reduction_potential","source_risk_level","source_recommended_action","medgemma_status","clinical_plausibility","diagnosis_cohort_safety","mapping_assessment","confidence","eligible_for_human_expert_fast_track","recommended_triage","merged_triage_category","supported_prefixes","prefixes_to_keep_review","missing_evidence","risk_notes","reasoning_summary","human_admin_approval_present","apply_ready","auto_apply"
"rr_medgemma_0001_908115","1","908115","sut_6_digit","present_in_rules_by_sut_code","covid_or_viral_infection","4278","0.66724304","high","medium","expert_review_for_cohort_auto_pass_candidate","completed","plausible","narrow_candidate","not_needed","0.9","True","send_to_expert_priority_1","fast_track_to_human_expert_review","B34;U07;R50;J06;R05","","No specific missing evidence identified for this cohort.","The cohort consists of diagnoses related to viral infections (B34, J06, J02, J18, J12), symptoms/findings (R50, R05, R53), and unspecified conditions (Z00, R50.9, J06.9). While generally plausible for a viral infection context, the specific combination and prevalence require expert validation to ensure appropriate application in the clinical workflow.","The top diagnoses (B34.2, U07.3, R50.9, J06.9, R05) represent common conditions associated with viral infections or their sequelae. The cohort appears clinically focused and narrow enough to warrant expert review for potential fast-tracking. The diagnoses are well-represented in the top results, suggesting a clear signal. No mapping issues are apparent. The diagnoses are plausible in the context of 'covid_or_viral_infection'.","False","False","False"
"rr_medgemma_0002_906620","2","906620","sut_6_digit","present_in_rules_by_sut_code","obstetric_pregnancy","3352","0.70268899","high","medium","expert_review_for_cohort_auto_pass_candidate","completed","plausible","narrow_candidate","not_needed","0.95","True","send_to_expert_priority_1","fast_track_to_human_expert_review","R53;R68;Z00;E55;Z33","","No specific missing evidence identified for the top diagnosis prefixes.","The cohort is clinically plausible but requires expert confirmation for policy refinement.;Potential for drift if policy is applied without expert review.","The top diagnosis prefixes (R53, R68, Z00, E55, Z33) represent common obstetric symptoms, findings, and related conditions. This cohort appears narrow and clinically plausible for the procedure code 906620. The high confidence and clinical plausibility support fast-tracking to human expert review for potential policy refinement.","False","False","False"
"rr_medgemma_0003_13_73366","3","13.73366","huv_or_local_dotted","missing_from_runtime_lookup","obstetric_pregnancy","2080","0.76046415","high","high","resolve_local_huv_mapping_then_policy_refinement","completed","plausible","narrow_candidate","mapping_required_first","0.85","False","mapping_backlog_first","mapping_backlog_before_policy","Z33;Z36;Z34;O35","Z33;Z36;Z34;O35","Runtime lookup failed; canonical mapping is unknown.","The top diagnoses are related to pregnancy and postpartum status (Z33, Z36, Z34, O35). These codes are generally considered clinically plausible in an obstetric context. However, the specific code 13.73366 (huv_or_local_dotted) is missing from the runtime lookup, meaning its canonical mapping is unknown. Without knowing the precise ICD-10-CM mapping, it's impossible to definitively assess the clinical coherence or policy implications. Proceeding without mapping could lead to incorrect diagnoses being associated with the code.","The diagnosis distribution (Z33, Z36, Z34, O35) is clinically plausible within the obstetric context. The top diagnoses account for a significant portion (76%) of the review rows. However, the code 13.73366 is missing from the runtime lookup. Therefore, mapping this local/HUV code to a standard ICD-10-CM code is a prerequisite before any review reduction or policy refinement can be considered. The recommended action is to prioritize mapping this code.","False","False","False"
"rr_medgemma_0004_13_62646","4","13.62646","huv_or_local_dotted","missing_from_runtime_lookup","obstetric_pregnancy","10469","0.57977513","medium_high","high","resolve_local_huv_mapping_then_policy_refinement","completed","plausible","conditional_only","mapping_required_first","0.85","False","mapping_backlog_first","mapping_backlog_before_policy","Z33;Z34;O26;E55","Z33;Z34;O26;E55","Runtime lookup failed; canonical mapping is unknown.","The top diagnoses are plausible but broad (Z factors, pregnancy).;The code is missing from runtime lookup, preventing direct policy application.;The distribution is concentrated in Z codes, which may represent status rather than active conditions requiring specific interventions. This needs verification with a canonical mapping.;The high risk level suggests potential impact, making mapping crucial before any review reduction.","The diagnosis distribution is clinically plausible, primarily involving pregnancy-related codes (Z33, Z34, O26) and other status/finding codes (Z factors). However, the code 13.62646 is missing from the runtime lookup, meaning its canonical mapping is unknown. Therefore, direct policy refinement or review reduction is not possible. The recommended action is to prioritize mapping this local/HUV code to a canonical representation. Once mapped, the clinical plausibility can be reassessed with more certainty. The 'conditional_only' safety assessment reflects the need for mapping before proceeding. The high risk level emphasizes the importance of accurate mapping and subsequent review.","False","False","False"
"rr_medgemma_0005_907450","5","907450","sut_6_digit","present_in_rules_by_sut_code","obstetric_pregnancy","3544","0.61979522","medium_high","medium","expert_review_for_cohort_auto_pass_candidate","completed","plausible","narrow_candidate","not_needed","0.95","True","send_to_expert_priority_1","fast_track_to_human_expert_review","R53;R68;Z33;Z00;E55","","No specific missing evidence identified for the top diagnosis prefixes.","The cohort is clinically plausible but requires expert confirmation for policy refinement.;Potential for drift if policy is applied without expert review.","The top diagnosis prefixes (R53, R68, Z33, Z00, E55) represent common obstetric symptoms, findings, and related conditions. This cohort appears narrow and clinically plausible for the procedure code 907450. The high confidence and clinical plausibility support fast-tracking to human expert review for potential policy refinement.","False","False","False"
"rr_medgemma_0006_906880","6","906880","sut_6_digit","present_in_rules_by_sut_code","non_specific_symptom_dominant","2522","0.570409","medium_high","medium_high","expert_review_for_conditional_review_refinement","completed","plausible","conditional_only","not_needed","0.9","True","send_to_expert_priority_1","fast_track_to_human_expert_review","R68;R53;Z00;E55;D50","R68;R53;Z00;E55;D50","Specific clinical context for non-specific symptoms;Detailed patient history;Physical examination findings;Laboratory or imaging results","The diagnosis cohort is broad and includes non-specific symptoms. A conditional policy requires careful definition of the narrow cohort.;Potential for misdiagnosis or delayed diagnosis if review is reduced for patients outside the defined narrow cohort.;Need for clear documentation and training on the specific criteria for the narrow cohort.","The clinical theme is non-specific symptom dominant. The top diagnoses are R68, R53, Z00.0, E55.9, D50.9. These are largely symptoms, signs, or general findings. The suggested policy hypothesis is to keep manual review except for a narrow, documented diagnosis cohort (R68, R53, Z00, E55, D50). This approach seems plausible as it targets a specific set of codes while maintaining review for others. The top diagnoses are largely symptoms/findings, making a conditional policy potentially feasible if the narrow cohort is well-defined and clinically justified. The confidence is high due to the clear separation of the top diagnoses into a potential narrow cohort and the remaining broader category. The assessment suggests eligibility for human expert fast-track review.","False","False","False"
"rr_medgemma_0007_24_60491","7","24.60491","huv_or_local_dotted","missing_from_runtime_lookup","obstetric_pregnancy","579","0.55072464","medium_high","medium_high","resolve_local_huv_mapping_then_policy_refinement","completed","plausible","narrow_candidate","mapping_required_first","0.85","False","mapping_backlog_first","mapping_backlog_before_policy","Z33;Z34;O26;O41","Z33;Z34;O26;O41","Runtime lookup failed; canonical mapping is unknown.","The top diagnoses are related to pregnancy and postpartum status (Z33, Z34, O26, O41). These codes are common and generally clinically plausible in obstetric contexts. However, the specific code 24.60491 (huv_or_local_dotted) is missing from the runtime lookup, making it impossible to determine its precise meaning and clinical context without mapping it to a standard code system or definition. This lack of mapping prevents a definitive assessment of clinical plausibility and safety.;The diagnosis distribution is concentrated in 'Z Factors/status' and 'O Pregnancy/childbirth' chapters. While this is consistent with the clinical theme 'obstetric_pregnancy', the specific codes represented by the top diagnoses (Z33, Z34, O26, O41) need to be confirmed via mapping to ensure they align with the intended clinical scenario and do not introduce unintended risks or misinterpretations.;The review reduction potential is flagged as medium_high, but proceeding with review reduction without resolving the mapping issue is unsafe. The uncertainty about the code's meaning prevents accurate triage and could lead to incorrect clinical decisions if the code represents a different condition or status than assumed.","The diagnosis distribution appears clinically coherent within the obstetric pregnancy theme, with a concentration in Z codes related to pregnancy status and O codes for pregnancy/childbirth. However, the code 24.60491 is missing from the runtime lookup. This prevents confirmation of the specific diagnoses represented and their clinical validity. Therefore, mapping this local/HUV code to a canonical system is the necessary first step before any review reduction can be considered. The recommended action is to prioritize mapping this code.","False","False","False"
"rr_medgemma_0008_906640","8","906640","sut_6_digit","present_in_rules_by_sut_code","obstetric_pregnancy","1151","0.51631117","medium","medium","manual_review_policy_observation","completed","plausible","narrow_candidate","not_needed","0.9","True","send_to_expert_priority_1","fast_track_to_human_expert_review","R53;R68;Z33;E55;Z00;R10;N76;N92;Z01","R53;R68;Z33;E55;Z00;R10;N76;N92;Z01","Detailed clinical context for each diagnosis code is missing. Aggregate data provides plausibility but not specific patient scenarios.;Information on the prevalence and severity of these conditions in the target population is not available.;Specific guidelines or standard practices for managing these conditions in the context of the code are not provided.","While the top diagnoses appear plausible for obstetric/pregnancy contexts, the lack of specific clinical context makes it difficult to assess the full risk profile.;The concentration on symptoms/findings (R codes) and factors/status (Z codes) requires careful interpretation. Are these primary diagnoses or secondary findings?;The potential for misinterpretation or inappropriate application exists without detailed clinical context.","The aggregate diagnosis distribution (R53, R68, Z33, E55, Z00, R10, N76, N92, Z01) appears clinically plausible within the obstetric/pregnancy theme. The top diagnoses are concentrated in symptom/finding (R) and factor/status (Z) categories, which is common in this area. The distribution is relatively narrow, suggesting a focused cohort. The confidence is high based on the aggregate data. The mapping assessment is 'not_needed' as the code is present in rules by SUT code. Given the high confidence and narrow cohort, this candidate is eligible for human expert fast-track review.","False","False","False"
"rr_medgemma_0009_906780","9","906780","sut_6_digit","present_in_rules_by_sut_code","non_specific_symptom_dominant","905","0.54371357","medium","medium_high","manual_review_policy_observation","completed","plausible","conditional_only","not_needed","0.85","True","send_to_expert_priority_1","fast_track_to_human_expert_review","R68;R53;E55.9;M25.5;Z00.0;M35.9;M79.1;M06.9;M35.0;M45.9","R68;R53;E55;M25;Z00","Specific context for R68 (Fall/unspecified);Specific context for R53 (Headache);Specific context for E55.9 (Hypothyroidism, unspecified);Specific context for M25.5 (Pain in joint);Specific context for Z00.0 (Encounter for general adult medical examination without abnormal findings);Specific context for M35.9 (Low back pain, unspecified);Specific context for M79.1 (Pain in limb);Specific context for M06.9 (Polymyalgia rheumatica, unspecified);Specific context for M35.0 (Low back pain with radiculopathy);Specific context for M45.9 (Low back pain, unspecified)","Non-specific symptom dominance (clinical_theme) requires careful evaluation.;The top diagnoses are broad symptom/finding codes (R codes) and non-specific musculoskeletal/other codes, which could represent various underlying conditions. Review reduction might miss specific diagnoses.;The diagnosis distribution is spread across multiple chapters, indicating a lack of focus on a specific system or disease category. This makes it harder to assess the overall clinical picture without more context.;The top diagnoses (R68, R53, E55.9, M25.5, Z00.0, M35.9, M79.1, M06.9, M35.0, M45.9) are common and can be associated with a wide range of conditions, some serious. Manual review is needed to ensure appropriate diagnosis and management.;The relatively high entropy (0.6175) suggests a diverse set of diagnoses, potentially making it harder to pinpoint a specific condition without further information.","The clinical theme is non-specific symptom dominant. The top diagnoses are broad codes like R68 (Fall/unspecified), R53 (Headache), E55.9 (Hypothyroidism, unspecified), M25.5 (Pain in joint), Z00.0 (General exam), M35.9 (Low back pain), M79.1 (Limb pain), M06.9 (Polymyalgia rheumatica), M35.0 (Low back pain with radiculopathy), M45.9 (Low back pain). While the aggregate distribution is plausible, the non-specificity of the top codes warrants caution. The diagnosis distribution is broad (multiple chapters). The confidence is high (0.85) based on the aggregate data. The diagnosis cohort safety is considered 'conditional_only' because the broad symptom codes require careful interpretation in context. Mapping assessment is 'not_needed' as the codes are generally well-defined. Given the high confidence and plausible distribution but the need for context due to non-specific symptoms, the recommendation is to send this to a human expert for priority review (eligible_for_human_expert_fast_track=true). The prefixes to keep under manual review (R68, R53, E55, M25, Z00) are those representing the most frequent, but also potentially non-specific, symptom/finding categories.","False","False","False"
"rr_medgemma_0010_700540","10","700540","sut_6_digit","present_in_rules_by_sut_code","non_specific_symptom_dominant","566","0.50408998","medium","medium_high","manual_review_policy_observation","","","","","","False","","response_invalid_manual_review_required","","","","","","False","False","False"
"rr_medgemma_0011_906750","11","906750","sut_6_digit","present_in_rules_by_sut_code","obstetric_pregnancy","490","0.98778004","medium","medium","manual_review_policy_observation","completed","plausible","keep_manual_review","not_needed","0.95","False","keep_manual_review_observation","keep_manual_review_observation","R68;F06;Z10;J45;N39;E03;Z33;R60;E55","R68;F06;Z10;J45;N39","Detailed clinical context for specific diagnoses (e.g., F06.6, J45, N39.0).;Confirmation of the primary reason for the encounter/diagnosis.;Information on the patient's overall health status and comorbidities.","The high concentration of 'R' codes (Symptoms/findings) suggests potential diagnostic uncertainty or focus on symptom management rather than definitive diagnosis. Manual review is crucial to ensure appropriate care pathways.;The presence of mental/behavioral codes (F06.6) requires careful consideration of the clinical context and potential impact on other diagnoses and treatment.;The inclusion of Z codes (Factors/status) necessitates understanding their relevance to the primary clinical problem.;The specificity level is high, but the clinical context is missing. This could lead to misinterpretation or inappropriate application without human oversight.","The aggregate diagnosis distribution is heavily skewed towards 'R' codes (Symptoms/findings), specifically R68 (Other specified symptoms and signs involving the musculoskeletal system), which constitutes 97.1% of the top diagnoses. While the top diagnoses are clinically plausible in an obstetric context (e.g., back pain, musculoskeletal issues), the lack of specific clinical context makes it difficult to assess the appropriateness of these codes without manual review. The high concentration of symptom codes warrants caution. The other diagnoses (F06.6, Z10.1, J45, N39.0, E03, Z33, R60, E55.9) are present but in much smaller numbers. The mapping assessment is 'not_needed' as the SUT code lookup was successful and the codes are present in the rules. The confidence is high due to the clear dominance of R68 and the successful lookup. However, the clinical context is missing, making it difficult to fully assess plausibility without human review. Therefore, keeping manual review observation is recommended.","False","False","False"
"rr_medgemma_0012_13_74706","12","13.74706","huv_or_local_dotted","missing_from_runtime_lookup","obstetric_pregnancy","482","0.76480541","medium","medium_high","resolve_local_huv_mapping_then_policy_refinement","completed","plausible","conditional_only","mapping_required_first","0.85","False","mapping_backlog_first","mapping_backlog_before_policy","Z33;Z36;Z34","Z33;Z36;Z34","Runtime lookup failed; canonical mapping is unknown.","The top diagnoses are primarily Z codes related to pregnancy/childbirth status and encounters. While plausible, the specific code 13.74706 (huv_or_local_dotted) is missing from the runtime lookup, preventing direct policy application. The distribution is concentrated, but the lack of a canonical mapping necessitates caution.","The diagnosis distribution is clinically coherent, dominated by Z codes related to pregnancy status (Z33, Z36, Z34). The top diagnoses account for a significant portion (76.5%) of the review rows. However, the code 13.74706 is missing from the runtime lookup. Therefore, direct review reduction is not possible. The recommended action is to first establish the canonical mapping for this local/HUV code before considering policy refinement or review reduction. This approach ensures that the policy accurately reflects the intended clinical context and avoids unintended consequences due to mapping ambiguity.","False","False","False"
"rr_medgemma_0013_700530","13","700530","sut_6_digit","present_in_rules_by_sut_code","cardiology_symptom_or_monitoring","373","0.56239016","medium","medium","manual_review_policy_observation","completed","plausible","conditional_only","not_needed","0.85","True","send_to_expert_priority_1","fast_track_to_human_expert_review","R07;I10;R06;R00;I25;E55;I49;R10;I20","R07;I10;R06;R00","Specificity of symptoms/findings for R07.4, R06.0, R00.2, R07.3, I25.1, E55.9, I49, R10.4, I20.;Context of I10 (Essential (primary) hypertension) - is it related to the SUT code?;Confirmation of diagnosis for less frequent codes (I25.1, E55.9, I49, R10.4, I20).","The top diagnoses are primarily symptoms/findings (R codes) and hypertension (I10).;The clinical theme is cardiology symptom or monitoring, which aligns with some diagnoses but not all (e.g., R06.0 - general symptoms, R00.2 - general symptoms).;The specificity level is medium, indicating a mix of specific and non-specific diagnoses.;The top diagnoses represent a significant portion (56%) of the review rows, but the remaining 44% are spread across 67 unique diagnoses, some with very low counts. This heterogeneity might indicate a need for careful review to ensure the SUT code is appropriate for all these conditions or if the code is being misapplied.;The diagnosis cohort includes symptoms, findings, and specific conditions. While plausible, the reliance on symptom codes requires careful consideration of the clinical context and potential for misdiagnosis or incomplete information.","The aggregate diagnosis distribution shows a concentration in symptom/finding codes (R codes) and hypertension (I10), which are plausible within a cardiology context. However, the presence of less specific codes and the overall heterogeneity across 67 unique diagnoses warrant expert review to ensure the SUT code is clinically appropriate and not being misapplied. The high confidence (0.85) and plausible clinical picture support fast-tracking for human expert review.","False","False","False"
"rr_medgemma_0014_905680","14","905680","sut_6_digit","present_in_rules_by_sut_code","non_specific_symptom_dominant","325","0.90379009","medium","medium","manual_review_policy_observation","","","","","","False","","response_invalid_manual_review_required","","","","","","False","False","False"
"rr_medgemma_0015_704530","15","704530","sut_6_digit","present_in_rules_by_sut_code","obstetric_pregnancy","297","0.53996101","medium","medium","manual_review_policy_observation","completed","plausible","narrow_candidate","not_needed","0.9","True","send_to_expert_priority_1","fast_track_to_human_expert_review","Z33;R10;Z34;N76","Z33;R10;Z34;N76","Detailed clinical context for each diagnosis code is missing. Aggregate data provides plausibility but not specific patient details.","While the top diagnoses are plausible in the context of obstetric pregnancy, the aggregate nature prevents a full risk assessment. Specific patient factors could alter the clinical picture significantly. The 'narrow candidate' assessment is based on the prevalence of these codes within the provided dataset, not necessarily their universal applicability or safety in all obstetric scenarios.","The candidate code (704530) maps to a set of diagnoses (Z33, R10.2, Z34, R10, N76.0, R25.2, D64, D64.9, E55.9, E55) that are clinically plausible within the 'obstetric_pregnancy' theme. The top diagnoses (Z33, R10, Z34, N76) represent common scenarios or findings related to pregnancy and childbirth. The aggregate data suggests a focused cohort, making it a strong candidate for review reduction. The high confidence and narrow cohort support fast-tracking for human expert review.","False","False","False"
"rr_medgemma_0016_906630","16","906630","sut_6_digit","present_in_rules_by_sut_code","obstetric_pregnancy","261","0.50274725","medium","medium","manual_review_policy_observation","completed","plausible","keep_manual_review","not_needed","0.85","False","keep_manual_review_observation","keep_manual_review_observation","R53;Z33;E55.9;Z34;R10.4;D64.9;D51.9;K21;K30;J30.2","R53;Z33;E55;Z34;R10","Specificity of diagnosis codes within the top diagnoses.;Context of diagnoses (e.g., inpatient vs. outpatient, specific pregnancy stage).;Prevalence of these diagnoses in the target population.","The top diagnoses are broad (e.g., R53, Z33). Manual review is needed to ensure specificity and appropriateness for the code.;The combination of diagnoses might indicate specific conditions not captured by individual codes.;Potential for misinterpretation or inappropriate application of the code without clinical context.","The aggregate diagnosis distribution (R53, Z33, E55.9, Z34, R10.4, D64.9, D51.9, K21, K30, J30.2) is plausible for obstetric pregnancy related codes, but the codes themselves are often broad or related to symptoms/findings/status. The top diagnoses cover a range of potential issues. Given the broad nature of some top diagnoses and the need for clinical context, keeping the current manual review process is recommended for observation and safety. The confidence is high due to the presence of the code in rules and the plausible distribution, but the lack of specificity warrants continued manual review.","False","False","False"
"rr_medgemma_0017_13_06366","17","13.06366","huv_or_local_dotted","missing_from_runtime_lookup","genitourinary","248","0.54448399","medium","medium_high","resolve_local_huv_mapping_then_policy_refinement","completed","plausible","conditional_only","mapping_required_first","0.85","False","mapping_backlog_first","mapping_backlog_before_policy","N86;R10;N76","N86;R10;N76","Runtime lookup failed; canonical mapping is unknown.","The top diagnoses are plausible but require mapping to a canonical code system for policy application.;The diagnosis distribution is concentrated but mapping is essential before policy refinement.","The diagnosis distribution is clinically plausible, primarily focused on genitourinary symptoms and conditions (N86, R10, N76). However, the code 13.06366 is missing from the runtime lookup, meaning its canonical mapping is unknown. Therefore, review reduction is not recommended before establishing the correct mapping. The recommended action is to prioritize mapping this local/HUV code to a canonical system.","False","False","False"
"rr_medgemma_0018_13_72696","18","13.72696","huv_or_local_dotted","missing_from_runtime_lookup","obstetric_pregnancy","243","0.60689655","medium","medium_high","resolve_local_huv_mapping_then_policy_refinement","completed","plausible","conditional_only","mapping_required_first","0.85","False","mapping_backlog_first","mapping_backlog_before_policy","Z33;O26;Z36;Z34","Z33;O26;Z36;Z34","Canonical mapping for local/HUV code 13.72696 is missing.;Policy context for the mapped code is unknown.","The diagnosis distribution is concentrated in Z codes (factors/status) and O codes (pregnancy/childbirth), which is plausible for obstetric contexts, but the specific HUV/local code requires mapping to a standard code for definitive assessment.;Without a canonical mapping, the policy implications and potential drift are unknown. Manual review is necessary after mapping.","The diagnosis distribution (Z33, O26, Z36, Z34) is clinically plausible within the obstetric context. However, the provided code (13.72696) is a local/HUV code and is missing from the runtime lookup. Therefore, a canonical mapping is required before policy refinement or review reduction can be considered. The recommended action is to prioritize mapping this code. The risk is medium-high due to the uncertainty introduced by the unmapped code.","False","False","False"
"rr_medgemma_0019_906660","19","906660","sut_6_digit","present_in_rules_by_sut_code","obstetric_pregnancy","213","0.51394422","medium","medium","manual_review_policy_observation","completed","plausible","keep_manual_review","not_needed","0.85","False","keep_manual_review_observation","keep_manual_review_observation","R53;R68;Z33;Z01;Z02.1;D50;E03;E55.9;Z34;D76.0","R53;R68;Z33;Z01;Z02","Specificity of the code 906660 within the context of obstetric pregnancy is low. The top diagnoses are broad symptom/finding codes (R Symptoms/findings) and factors/status codes (Z Factors/status).;The clinical context for the top diagnoses (R53, R68, Z33, Z01, Z02.1, D50, E03, E55.9, Z34, D76.0) within obstetric pregnancy is not sufficiently detailed to determine if the code 906660 is clinically appropriate or necessary for these conditions.;Lack of specific clinical guidelines or evidence linking code 906660 to the top diagnoses in the context of obstetric pregnancy.","The broad nature of the top diagnoses and the lack of specific context make it difficult to assess the clinical necessity and appropriateness of code 906660.;Potential for inappropriate use of the code if the underlying clinical condition is not clearly defined or if the code is used for administrative purposes rather than clinical care.;The current evidence does not support a reduction in manual review for this code in the context of the identified diagnoses.","The top diagnoses associated with code 906660 are primarily symptom/finding codes (R codes) and factor/status codes (Z codes) related to obstetric pregnancy. While these codes are plausible in this context, the specificity level is low, and the clinical context for their application is not detailed. The current evidence suggests that the code might be used for various reasons, some of which might not require specific coding or might be related to administrative factors. Therefore, maintaining manual review is recommended to ensure appropriate clinical application and avoid potential misuse or inappropriate billing. The confidence is high due to the aggregate data showing common diagnoses, but the lack of specificity warrants continued review.","False","False","False"
"rr_medgemma_0020_703790","20","703790","sut_6_digit","present_in_rules_by_sut_code","eye_ear","212","0.50536193","medium","medium","manual_review_policy_observation","completed","plausible","narrow_candidate","not_needed","0.9","True","send_to_expert_priority_1","fast_track_to_human_expert_review","H52;H40;H04;H43;H52.4;H52.0;H47.5;H35.3;H18.3","H52;H40;H04;H43","Detailed clinical context for each diagnosis code.;Specific patient demographics or comorbidities that might influence diagnosis prevalence.;Evidence regarding the specificity of the SUT code 703790 for these diagnoses.","The top diagnoses are related to ear and hearing conditions (H codes).;The cohort appears clinically focused on these specific conditions.;Potential for misdiagnosis or overlapping conditions exists, requiring expert validation.;The specificity level is medium, suggesting potential for broader interpretation or overlap with other conditions.","The aggregate diagnosis distribution for SUT code 703790 shows a strong concentration in specific ear and hearing related ICD-10 codes (H codes), particularly H52 (hearing impairment), H40 (otitis media), H04 (otitis externa), and H43 (other ear diseases). The top diagnoses (H52.2, H40.0, H52.1, H04.1, H43.3) represent a significant portion of the total cases (over 90%). The diagnosis cohort appears clinically narrow and plausible for this SUT code. The confidence is high due to the clear concentration. Mapping is not needed as the codes are well-defined. The recommended action is to send this candidate to a human expert for priority review due to the clinical focus and potential impact.","False","False","False"
"rr_medgemma_0001_803710","21","803710","sut_6_digit","present_in_rules_by_sut_code","obstetric_pregnancy","211","0.59202454","medium","medium","manual_review_policy_observation","completed","plausible","conditional_only","not_needed","0.85","True","send_to_expert_priority_1","fast_track_to_human_expert_review","Z33;Z34;Z35;R10;E55","Z33;Z34;Z35;R10;E55","Specific clinical context for Z33, Z34, Z35, R10, E55.9, O20.0, O41.0, R10.2, N76.0, E03.9 is needed to fully assess clinical plausibility and risk.","The diagnosis cohort includes codes related to pregnancy (O codes), symptoms/findings (R codes), and various other conditions (E, N, D, K). The clinical theme is obstetric pregnancy, but the top diagnoses span multiple chapters. The high prevalence of Z codes (factors/status) might indicate administrative or coding factors rather than direct clinical conditions, potentially masking underlying issues. The specificity level is medium, and the top diagnoses share is relatively low (59%), suggesting potential heterogeneity or incomplete representation. The presence of codes like R10 (Symptoms/findings) requires careful consideration of the clinical context.","The aggregate diagnosis distribution includes several plausible codes related to pregnancy and associated conditions (Z33, Z34, Z35, O codes, R10, E55.9). The top diagnoses cover multiple chapters (Z, O, E, R, N), indicating a broad range of potential clinical scenarios. The high confidence (0.85) and plausible clinical assessment support moving forward, but the conditional nature of the safety assessment and the need for expert review to interpret the specific context and ensure appropriate application are crucial. The diagnosis cohort is relatively narrow compared to the full spectrum of obstetric pregnancy, but the top diagnoses are clinically relevant. The mapping assessment is 'not_needed' as the code is present in the rules. The recommended action is to send this candidate to a human expert for priority review due to the potential clinical relevance and the need for nuanced interpretation.","False","False","False"
"rr_medgemma_0002_700270","22","700270","sut_6_digit","present_in_rules_by_sut_code","digestive","201","0.51155116","medium","medium","manual_review_policy_observation","completed","plausible","keep_manual_review","not_needed","0.85","False","keep_manual_review_observation","keep_manual_review_observation","B07;B34;L84;L30;L85;L81;L91;B35;R23","B07;B34;L84;L30;L85","Specificity of 'digestive' theme for codes like L84, L30, L85, L81, L91, B35, R23 is unclear without case-level data.","The top diagnoses are spread across multiple body systems (Infectious, Skin, Symptoms/findings, Neoplasms, Circulatory, Endocrine/metabolic, Digestive, Injury/poisoning). The 'digestive' theme might be too broad or weakly represented by the top codes.;The top diagnosis 'B07' (Infectious mononucleosis) is not directly related to the digestive system, although some symptoms might overlap. This could lead to misclassification.;The prevalence of skin conditions (L codes) is high. The link to 'digestive' needs careful consideration.;The 'digestive' theme is represented by 'K Digestive' chapter, but the count (3) is low compared to other chapters. This suggests the theme might not be well-represented by the top diagnoses.","The aggregate data shows a plausible link to the 'digestive' theme, but the top diagnoses span multiple systems, and the connection to 'digestive' is not strong for all top codes. The theme is plausible but requires careful monitoring due to the breadth of conditions and potential for misclassification. The top diagnoses are diverse, and the 'digestive' theme is not dominant. Therefore, keeping manual review for observation is recommended.","False","False","False"
"rr_medgemma_0003_907440","23","907440","sut_6_digit","present_in_rules_by_sut_code","obstetric_pregnancy","199","0.68534483","medium","medium","manual_review_policy_observation","completed","plausible","narrow_candidate","not_needed","0.85","True","send_to_expert_priority_1","fast_track_to_human_expert_review","R53;Z33;E55;R10;N39;D76;R50;D50;E03;Z34","R53;Z33;E55;R10;N39","Detailed clinical context for specific diagnoses within the cohort.;Evidence regarding the prevalence and clinical significance of less common diagnoses (e.g., Z34, D76.0, R50.9, D50, E03) in the context of the primary diagnoses (R53, Z33, E55, R10, N39).;Specific evidence linking the SUT code to the observed diagnoses.","The top diagnoses (R53, Z33, E55, R10, N39) represent a range of conditions, some potentially serious (e.g., E55 - Endocrine disorders, N39 - Specific urethral disorders). While the cohort appears narrow based on the top diagnoses, the clinical significance varies.;The high concentration of 'R Symptoms/findings' codes (R53) requires careful consideration. Are these symptoms directly related to the intended clinical scenario, or are they incidental findings?;The presence of 'Z Factors/status' codes (Z33, Z34) indicates factors influencing health status or healthcare utilization. Their relevance to the primary clinical theme needs clarification.;The specificity level is medium, suggesting potential ambiguity in the diagnosis codes. Further refinement might be needed to ensure accurate targeting.","The aggregate diagnosis distribution shows a concentration in 'R Symptoms/findings' (R53) and 'Z Factors/status' (Z33), along with specific diagnoses like 'E55' (Endocrine), 'R10' (Symptoms related to urinary system), and 'N39' (Urethral disorders). The top diagnoses represent a plausible, albeit broad, set of conditions related to obstetric pregnancy, potentially including complications or related symptoms/findings. The high concentration in R53 warrants careful review to ensure relevance. The cohort appears relatively narrow based on the top diagnoses, but the clinical significance varies. Given the high confidence and narrow cohort, the candidate is eligible for human expert fast-track review.","False","False","False"
"rr_medgemma_0004_701230","24","701230","sut_6_digit","present_in_rules_by_sut_code","non_specific_symptom_dominant","197","0.50242326","medium","medium_high","manual_review_policy_observation","completed","plausible","conditional_only","not_needed","0.85","True","send_to_expert_priority_1","fast_track_to_human_expert_review","R05;R06;J30;E55;R53;J01;R07;J45;J18","R05;R06;J30;E55;R53","Specific context for R05 (e.g., fever, chills, malaise);Specific context for R06.0 (e.g., chest pain, shortness of breath);Specific context for J30.2 (e.g., acute bronchitis);Specific context for E55.9 (e.g., hypothyroidism);Specific context for R53 (e.g., dizziness, vertigo);Specific context for J01.9 (e.g., common cold);Specific context for R07.4 (e.g., toothache);Specific context for J45.9 (e.g., asthma);Specific context for R07.3 (e.g., headache);Specific context for J18.9 (e.g., pneumonia)","Non-specific symptoms can mask serious underlying conditions.;Reliance on symptom codes alone may lead to missed diagnoses.;The broad nature of the top diagnoses requires careful clinical interpretation.","The top diagnoses are plausible given the symptom-dominant theme (R codes, J codes, E codes). The diagnoses are relatively common and could represent a range of conditions. The confidence is high due to the aggregate data. However, the non-specific nature of the symptoms (e.g., R05 - fever, R06.0 - cough, J30.2 - acute bronchitis) warrants caution. While the diagnoses themselves are plausible, the lack of specific context makes it difficult to definitively rule out other conditions. Therefore, while review reduction might be considered, expert review is recommended to ensure clinical safety, especially given the potential for serious underlying causes presenting with non-specific symptoms. The prefixes to keep review are those representing the most frequent symptom codes, as these are the primary drivers of the current diagnosis distribution. The diagnoses are generally plausible, but the lack of specificity requires expert oversight.","False","False","False"
"rr_medgemma_0005_906610","25","906610","sut_6_digit","present_in_rules_by_sut_code","obstetric_pregnancy","195","0.67811159","medium","medium","manual_review_policy_observation","completed","plausible","narrow_candidate","not_needed","0.85","True","send_to_expert_priority_1","fast_track_to_human_expert_review","R53;Z33;E55;D50;E56;Z34;N39.0;J30.2;D76.0","R53;Z33;E55;D50;E56","Detailed clinical context for specific diagnoses (e.g., R53, Z33, E55, D50, E56).;Severity and duration of symptoms or conditions.;Patient demographics (age, parity, etc.) to refine diagnosis relevance.;Specific clinical guidelines or protocols supporting the use of this code in this context.","The top diagnoses (R53, Z33, E55, D50, E56) are broad and require clinical context for accurate interpretation. Misinterpretation could lead to inappropriate care.;The specificity level is medium, indicating potential ambiguity in the code's application.;Reliance on aggregate data without case-level context carries inherent risks.","The candidate code (906610) maps to a set of diagnoses (R53, Z33, E55, D50, E56, Z34, N39.0, J30.2, D76.0) primarily related to symptoms, pregnancy-related factors, and general health conditions. The top diagnoses (R53, Z33, E55, D50, E56) represent a clinically plausible cohort for obstetric pregnancy, with R53 (Fetal heart rate or amniotic fluid abnormality) being the most frequent. The diagnoses are relatively narrow and specific within the context of pregnancy, suggesting a focused cohort. The high confidence (0.85) and clinical plausibility support fast-tracking for human expert review. However, the broad nature of some codes (e.g., R53, E55) necessitates expert validation to ensure appropriate clinical application. The mapping assessment indicates no immediate mapping issues. The review reduction potential is medium, suggesting potential for future automation but requires current expert oversight.","False","False","False"
"rr_medgemma_0006_13_72026","26","13.72026","huv_or_local_dotted","missing_from_runtime_lookup","obstetric_pregnancy","181","0.58984375","medium","medium_high","resolve_local_huv_mapping_then_policy_refinement","completed","plausible","mapping_required_first","mapping_required_first","0.85","False","mapping_backlog_first","mapping_backlog_before_policy","Z33;Z34;O20;O21;O26;R10;D50;E55","Z33;E55;O26;Z34;O20","Canonical mapping for local/HUV code 13.72026 is missing.;Policy context for the mapped code is unknown.","The diagnosis distribution is concentrated in 'Z Factors/status' and 'O Pregnancy/childbirth', which is plausible for obstetric codes, but the specific code 13.72026 requires mapping to understand its precise clinical context and policy implications.;Without a canonical mapping, it's impossible to determine the intended clinical meaning and associated policy rules.;The high concentration in Z33 (Pregnancy of unspecified duration) and related codes suggests a potential focus on pregnancy-related conditions, but the specific code's meaning is unclear.","The diagnosis distribution appears clinically plausible within the context of obstetric pregnancy (chapters Z and O), with significant representation in Z33 and related codes. However, the code 13.72026 is a local/HUV code, and its runtime lookup is missing. Therefore, the primary next step is to establish the canonical mapping for this code to understand its clinical meaning and associated policy. Review reduction is not recommended before this mapping is resolved.","False","False","False"
"rr_medgemma_0007_907222","27","907222","sut_6_digit","present_in_rules_by_sut_code","non_specific_symptom_dominant","180","0.66513761","medium","medium_high","manual_review_policy_observation","completed","plausible","conditional_only","not_needed","0.85","True","send_to_expert_priority_1","fast_track_to_human_expert_review","Z00;R05;J06;R50;J18","Z00;R05;J06;R50;J18","Specific context for R05 (e.g., fever, rash);Specific context for J06.9 (e.g., acute vs chronic, specific symptoms);Specific context for J18 (e.g., type of inflammation);Specific context for R50.9 (e.g., location, nature of pain);Specific context for Z00.0 (e.g., reason for encounter)","Non-specific symptoms can mask serious underlying conditions.;Reliance on symptom codes without specific context may lead to missed diagnoses.;The high prevalence of Z00.0 might indicate administrative reasons for encounter rather than specific clinical need, potentially masking other issues.;The combination of symptoms (R codes) needs careful evaluation to rule out specific diseases.","The top diagnoses are plausible but non-specific (Z codes, R codes). While the aggregate distribution is clear (Z00.0 is dominant), the lack of specificity requires careful clinical judgment. The prefixes identified (Z00, R05, J06, R50, J18) represent common symptom-related codes. Given the high confidence and plausible nature, but the need for clinical context due to non-specificity, fast-tracking for human expert review is recommended to ensure appropriate diagnosis and management, especially to rule out more serious conditions masked by non-specific symptoms. The diagnosis cohort is considered 'conditional_only' because the codes themselves are plausible but require clinical context for safety.","False","False","False"
"rr_medgemma_0008_16_81841","28","16.81841","huv_or_local_dotted","missing_from_runtime_lookup","eye_ear","173","0.67322835","medium","medium_high","resolve_local_huv_mapping_then_policy_refinement","completed","plausible","mapping_required_first","mapping_required_first","0.85","False","mapping_backlog_first","mapping_backlog_before_policy","T16;H61;J06;H60;H65","T16;H61;J06;H60;H65","Runtime lookup failed; canonical mapping is unknown.","The top diagnoses are plausible but require mapping to a standard code system for policy application.;The diagnosis distribution is concentrated but mapping is essential before policy refinement.","The diagnosis distribution is clinically plausible, primarily focusing on ear and hearing conditions (H61, H60, H65) and external ear conditions (T16), with some overlap into respiratory (J06) and other areas. The top diagnoses (T16, H61.2, J06.9, H60, H65.2, J30.3, H60.8, J30.2, H65.0, H91.1) are related to ear/hearing issues, external ear, and some respiratory symptoms. However, the provided code (16.81841) is a local/HUV code, and its mapping to a standard diagnostic system (like ICD-10) is missing from the runtime lookup. Therefore, the immediate next step is to establish the canonical mapping before proceeding with policy refinement or review reduction. The concentration of diagnoses suggests a potential narrow cohort, but this depends on the precise mapping.","False","False","False"
"rr_medgemma_0009_908230","29","908230","sut_6_digit","present_in_rules_by_sut_code","obstetric_pregnancy","166","0.51498638","medium","medium","manual_review_policy_observation","completed","plausible","keep_manual_review","not_needed","0.85","False","keep_manual_review_observation","keep_manual_review_observation","N76;R10;N92;E55;N64","N76;R10;N92;E55;N64","Detailed clinical context for each diagnosis.;Specific patient demographics (age, parity, etc.) to refine plausibility.;Evidence linking specific diagnoses to the SUT code 908230.","The diagnosis cohort is broad, including conditions related to pregnancy, genitourinary issues, symptoms, endocrine/metabolic disorders, and neoplasms. This breadth requires careful monitoring.;The top diagnoses (N76.0, R10.2, N92.6, E55.9, N64.5) represent diverse conditions. The clinical plausibility depends heavily on the specific patient context, which is not available at the aggregate level.;The presence of 'N76' (pregnancy-related) alongside other conditions (R10, N92, E55, N64) necessitates caution. The relationship between these conditions and the SUT code needs further investigation.;The diagnosis chapters show a wide range (Genitourinary, Symptoms, Endocrine, Infectious, Neoplasms, Blood/immune, Musculoskeletal, Pregnancy). This heterogeneity increases the risk of misclassification or inappropriate application.","The aggregate diagnosis distribution includes several plausible conditions related to pregnancy (N76.0, N93.9, O) and other health issues (R10.2, N92.6, E55.9, N64.5). The top diagnoses are reasonably common. However, the cohort is broad, spanning multiple body systems and pregnancy-related conditions. The clinical plausibility is maintained but requires careful observation due to the heterogeneity and lack of specific patient context. The SUT code is present in rules, and the runtime context suggests a manual review is needed. Given the medium risk and the need for observation, keeping the manual review is recommended. The prefixes are supported by the aggregate data, but the broad nature warrants continued monitoring. No immediate mapping issues are apparent, but the diversity of prefixes suggests potential future mapping challenges if the code were to be applied more broadly.","False","False","False"
"rr_medgemma_0010_906510","30","906510","sut_6_digit","present_in_rules_by_sut_code","obstetric_pregnancy","159","0.78409091","medium","medium","manual_review_policy_observation","completed","plausible","narrow_candidate","not_needed","0.85","True","send_to_expert_priority_1","fast_track_to_human_expert_review","R68;Z00;R53;Z01;B15;E55;G35;E78;B18;Z34","R68;Z00;R53;Z01;B15","Specificity of R68 (e.g., which symptom/finding);Context for Z00.0 (e.g., specific encounter);Details for R53 (e.g., specific type of pain);Details for Z01 (e.g., specific type of encounter);Details for B15 (e.g., specific type of infection)","The top diagnoses are broad (symptoms, findings, factors/status).;Lack of specificity could lead to misinterpretation or inappropriate care if used without context.;The combination of codes might indicate a specific condition, but the aggregate data doesn't reveal it.","The aggregate diagnosis distribution (R68, Z00.0, R53, Z01, B15) is clinically plausible for obstetric pregnancy, representing common symptoms, findings, and factors. The top diagnoses are narrow and represent a significant portion of the cases. The clinical theme is well-defined. The confidence is high. The diagnosis cohort appears narrow. Mapping is not required as the code is present in the rules. Therefore, this candidate is eligible for human expert fast-track review.","False","False","False"
"rr_medgemma_0011_16_22311","31","16.22311","huv_or_local_dotted","missing_from_runtime_lookup","eye_ear","158","0.74553571","medium","medium_high","resolve_local_huv_mapping_then_policy_refinement","completed","plausible","mapping_required_first","mapping_required_first","0.75","False","mapping_backlog_first","mapping_backlog_before_policy","R04;J30;H61;J34","R04;J30;H61;J34","Runtime lookup failed. Cannot assess policy context without mapping.","The diagnosis distribution is plausible but relies on a local/HUV code. Policy cannot be determined without mapping to a canonical code.;The top diagnoses are R04 (Symptoms/findings), J30 (Respiratory), H61 (Eye/ear), and J34 (Respiratory). The distribution is concentrated but requires mapping for definitive policy assessment.","The diagnosis distribution appears clinically coherent, primarily focusing on symptoms/findings (R04), respiratory issues (J30, J34), and eye/ear conditions (H61). However, the code 16.22311 is a local/HUV code, and the runtime lookup failed. Therefore, mapping this code to a standard canonical code is the necessary first step before any policy refinement or review reduction can be considered. The current state requires mapping before proceeding.","False","False","False"
"rr_medgemma_0012_20_02727","32","20.02727","huv_or_local_dotted","missing_from_runtime_lookup","musculoskeletal","131","0.70860927","medium","medium_high","resolve_local_huv_mapping_then_policy_refinement","completed","plausible","narrow_candidate","mapping_required_first","0.85","False","mapping_backlog_first","mapping_backlog_before_policy","S53;M25","S53;M25","Runtime lookup failed; canonical mapping is unknown.","The diagnosis distribution is concentrated in musculoskeletal injury codes (S53, S52, S50, S40, S63) and M25 (pain in joint). This is clinically plausible for a musculoskeletal theme. However, the specific code 20.02727 is missing from the runtime lookup, preventing direct policy application. Mapping this HUV/local code to a canonical representation is the necessary first step before any review reduction can be considered. Without mapping, the clinical coherence cannot be fully validated against existing policies.","The diagnosis distribution (S53.0, S53, S53.1, M25.5, S53.4, S52.1, S52.5, S50.1, S40.0, S63.6) is clinically coherent and falls under the musculoskeletal theme. The top diagnoses (S53 codes, M25.5) are plausible. However, the runtime lookup for code 20.02727 failed. Therefore, mapping this code to a standard representation is required before proceeding with policy refinement or review reduction. The recommended action is to prioritize mapping this code.","False","False","False"
"rr_medgemma_0013_20_03009","33","20.03009","huv_or_local_dotted","missing_from_runtime_lookup","musculoskeletal","123","0.54421769","medium","medium_high","resolve_local_huv_mapping_then_policy_refinement","completed","plausible","conditional_only","mapping_required_first","0.85","False","mapping_backlog_first","mapping_backlog_before_policy","S62;S63;M25;S93","S62;S63;S93;M25","Runtime lookup failed; canonical mapping is unknown.","The diagnosis distribution is concentrated in musculoskeletal and injury codes, which is plausible for this code type. However, without a confirmed mapping, policy application is premature. The top diagnoses (S62.6, S62.3, S63.6) relate to specific muscle, tendon, and ligament injuries, while others (S93.5, M25.5, S50.0, S92.3, S52.5, S93) cover broader conditions or external causes. The specificity level is low, and the top diagnoses share 54.4% of the total, indicating some concentration but also diversity. The risk is medium-high due to the potential impact of musculoskeletal conditions and the uncertainty around the code's intended meaning without mapping.","The diagnosis distribution appears clinically plausible, focusing on musculoskeletal and injury-related codes (S-T, M). The top diagnoses (S62.6, S62.3, S63.6) are specific injuries, while others cover broader categories or external causes. The concentration is moderate (top 3 = 54.4%). However, the runtime lookup failed, meaning the code's canonical mapping is unknown. Therefore, direct policy refinement or review reduction is not recommended. The priority should be establishing the correct mapping before proceeding. The risk is medium-high due to the potential impact and the uncertainty. Human expert review is not fast-tracked because the mapping is missing.","False","False","False"
"rr_medgemma_0014_13_02681","34","13.02681","huv_or_local_dotted","missing_from_runtime_lookup","non_specific_symptom_dominant","105","0.53968254","medium","medium_high","resolve_local_huv_mapping_then_policy_refinement","completed","plausible","conditional_only","mapping_required_first","0.85","False","mapping_backlog_first","mapping_backlog_before_policy","N97;N92;N84;N97.9;N97.0;N97.8;N92.6;N92.5;E28.2;R68","N97;N92;N84","Canonical mapping for local/HUV code 13.02681 is missing.;Policy context for the mapped diagnosis is unknown.","The diagnosis distribution is dominated by genitourinary symptoms (N codes), which is plausible but requires careful mapping.;The specificity level is low, indicating a broad range of potential conditions.;Without a canonical mapping, the clinical interpretation and policy application are uncertain.","The diagnosis distribution is clinically plausible, primarily focusing on genitourinary symptoms (N codes). However, the code 13.02681 is missing from the runtime lookup, meaning its canonical mapping is unknown. Therefore, review reduction is not recommended before establishing the correct mapping and associated policy. The top diagnoses are N97 (Genital and urinary system disorders), N97.9 (Unspecified genital and urinary system disorder), N92.6 (Pain in urethra), N92.5 (Pain in bladder), N84.1 (Painful menstruation), N76.0 (Pelvic inflammatory disease), N97.0 (Painful urination), E28.2 (Hypothyroidism), R68 (Other specified symptoms and signs involving the circulatory and respiratory systems). The concentration on N codes suggests a potential focus on genitourinary issues, but the lack of a mapping prevents definitive conclusions. Mapping is required before any policy refinement or review reduction can be considered.","False","False","False"
"rr_medgemma_0015_34_36694","35","34.36694","huv_or_local_dotted","missing_from_runtime_lookup","non_specific_symptom_dominant","77154","0.16751104","low","high","resolve_local_huv_mapping_then_policy_refinement","completed","plausible","mapping_required_first","mapping_required_first","0.75","False","mapping_backlog_first","mapping_backlog_before_policy","E55;R53;D51;D50","E55;R53;D51;D50","Runtime lookup failed. Cannot assess policy context without mapping.;No specific policy context available for this code.","High risk due to missing runtime lookup and lack of policy context.;The diagnosis distribution is broad, including symptoms (R codes) and non-specific findings, which could indicate various underlying conditions. Mapping is crucial to determine the specific clinical context and associated risks.","The diagnosis distribution includes several ICD-10 codes, primarily related to endocrine/metabolic (E), blood/immune (D50-D89), and symptom/finding (R) categories. The top diagnoses (E55.9, R53, D51, D50.9, E55, D51.9, D50, E03.9, E03, R10.4) are somewhat non-specific or cover broad ranges (e.g., E55.9, D51.9). The lookup status is 'missing_from_runtime_lookup', meaning the code is not found in the current runtime system. This prevents assessment of existing policies or rules associated with this code. Therefore, mapping this local/HUV code to a canonical catalog or rule layer is the necessary first step before any policy refinement or review reduction can be considered. The recommended action is to prioritize mapping this code.","False","False","False"
"rr_medgemma_0016_34_94376","36","34.94376","huv_or_local_dotted","missing_from_runtime_lookup","non_specific_symptom_dominant","76949","0.1470528","low","high","resolve_local_huv_mapping_then_policy_refinement","completed","plausible","mapping_required_first","mapping_required_first","0.75","False","mapping_backlog_first","mapping_backlog_before_policy","E55;R53;I10;D51","E55;R53;I10;D51","Runtime lookup failed; canonical mapping is unknown.","The diagnosis distribution is plausible but relies on a non-standard code. Policy refinement cannot proceed without mapping this code to a canonical representation.;High risk due to the need for mapping before policy application.","The diagnosis distribution associated with code 34.94376 appears clinically plausible, primarily clustering around endocrine/metabolic (E), symptom/finding (R), blood/immune (D50-D89), respiratory (J), circulatory (I), musculoskeletal (M), digestive (K), and genitourinary (N) conditions. However, the code is identified as 'huv_or_local_dotted' and is missing from the runtime lookup. Therefore, mapping this code to a standard, canonical representation is a prerequisite before any policy refinement or review reduction can be considered. Proceeding without mapping introduces significant risk.","False","False","False"
"rr_medgemma_0017_34_27332","37","34.27332","huv_or_local_dotted","missing_from_runtime_lookup","non_specific_symptom_dominant","75792","0.16708209","low","high","resolve_local_huv_mapping_then_policy_refinement","completed","plausible","mapping_required_first","mapping_required_first","0.75","False","mapping_backlog_first","mapping_backlog_before_policy","E55;D50;R53;D51","E55;D50;R53;D51","Canonical mapping for local/HUV code 34.27332 is missing.","The diagnosis distribution is plausible but relies on a non-standard code. Policy refinement cannot be safely performed without mapping to a canonical code.;High risk due to the need for mapping before policy application.","The diagnosis distribution associated with the provided code (34.27332) appears clinically plausible, with top diagnoses including endocrine/metabolic disorders (E55.9, E55, E03), blood/immune disorders (D50.9, D50, D51, D51.9, D64.9), and symptoms/findings (R53, R10.4). However, the code itself is identified as 'huv_or_local_dotted' and is missing from the runtime lookup. Therefore, a canonical mapping to a standard code (e.g., ICD-10) is required before any policy refinement or review reduction can be considered. The recommended action is to prioritize mapping this code.","False","False","False"
"rr_medgemma_0018_530080","38","530080","sut_6_digit","present_in_rules_by_sut_code","genitourinary","10975","0.31793276","low","medium_high","manual_review_policy_observation","completed","plausible","keep_manual_review","not_needed","0.85","False","keep_manual_review_observation","keep_manual_review_observation","J06;R50;R11;R10;J02;J20;R05;A09;J03","J06;R50;R11;R10","Specificity of genitourinary symptoms (N) is low; top diagnoses are broad (e.g., R50.9, R11).;Overlap between respiratory (J) and genitourinary (N) chapters suggests potential for misclassification or broader symptom presentation.;Need confirmation that the SUT code accurately reflects the intended genitourinary focus, given the prevalence of respiratory codes.","The top diagnoses are primarily symptoms/findings (R codes) and respiratory (J codes), with only a moderate share related to genitourinary (N chapter).;The broad nature of the top diagnoses (e.g., R50.9 - Unspecified symptoms and signs involving the urinary system) makes it difficult to assess the specificity of the SUT code for genitourinary conditions without further context.;The presence of significant respiratory codes (J) in the top diagnoses raises questions about the intended clinical theme and potential for off-target application.","The aggregate diagnosis distribution shows a mix of respiratory (J), symptom/finding (R), and genitourinary (N) codes. While plausible, the top diagnoses are broad (e.g., R50.9, R11) and the prevalence of respiratory codes is notable given the 'genitourinary' clinical theme. The SUT code is present in the rules, and the diagnosis distribution is plausible but lacks specificity for the intended genitourinary focus. Given the lack of specificity and the presence of other code chapters, keeping the manual review observation is recommended to monitor the application and ensure clinical appropriateness. The top prefixes identified (J06, R50, R11, R10) are kept for review.","False","False","False"
"rr_medgemma_0019_34_20386","39","34.20386","huv_or_local_dotted","missing_from_runtime_lookup","genitourinary","9700","0.34560229","low","high","resolve_local_huv_mapping_then_policy_refinement","completed","plausible","mapping_required_first","mapping_required_first","0.75","False","mapping_backlog_first","mapping_backlog_before_policy","A09;R11;K52;R10;J06","A09;R11;K52;R10;J06","Runtime lookup failed. Cannot assess policy context without mapping.;No direct policy rules found for this specific code.","High risk due to missing runtime lookup and potential policy drift if applied without mapping.;The diagnosis distribution is broad (low specificity) and includes symptoms/findings (R codes) and infectious diseases (A codes), which might not be specific enough for review reduction without a clear canonical mapping.;The top diagnoses are diverse, spanning multiple body systems and etiologies. This requires careful consideration during mapping.","The diagnosis distribution associated with code 34.20386 appears clinically plausible, covering various conditions. However, the runtime lookup is missing, preventing a direct policy assessment. The top diagnoses are diverse, including symptoms and infectious diseases. Given the missing runtime context and the need for a clear canonical mapping to assess policy implications accurately, the recommended action is to prioritize mapping this local/HUV code before considering any review reduction. The diagnosis cohort is broad, suggesting mapping is essential before proceeding.","False","False","False"
"rr_medgemma_0020_510120","40","510120","sut_6_digit","present_in_rules_by_sut_code","genitourinary","6620","0.25047932","low","medium_high","manual_review_policy_observation","completed","plausible","keep_manual_review","not_needed","0.85","False","keep_manual_review_observation","keep_manual_review_observation","R11;R50.9;J06.9;J02;R05;J20;R10.4;J39.9;J30.2;A09","R11;R50;J06;J02;R05","Specificity of genitourinary symptoms (N) is low; top diagnoses are broad (e.g., R50.9, J06.9).;Overlap between respiratory (J) and symptom/finding (R) codes suggests potential for non-specific coding or underlying respiratory issues presenting with non-specific symptoms.;Need to understand the clinical context to differentiate between specific genitourinary conditions and non-specific symptoms or conditions from other systems.","The top diagnoses are broad symptom/finding codes (R) and respiratory codes (J), which may not accurately reflect specific genitourinary pathology. Relying solely on these codes could lead to misdiagnosis or inappropriate treatment.;The low specificity of the top diagnoses makes it difficult to assess the true prevalence of genitourinary conditions within this cohort without more detailed clinical information.;Potential for coding drift or ambiguity exists given the broad nature of the top diagnoses.","The candidate code (510120) maps to a clinical theme of 'genitourinary'. The top diagnoses associated with this code are primarily broad symptom/finding codes (R codes) and respiratory codes (J codes), such as R11 (Unspecified abdominal pain), R50.9 (Fever, unspecified), J06.9 (Acute upper respiratory infection, unspecified), J02 (Acute pharyngitis), R05 (Cough), J20 (Acute bronchitis), R10.4 (Pain in throat), J39.9 (Unspecified disease of respiratory system), J30.2 (Acute sinusitis). While some of these symptoms *can* be related to genitourinary issues (e.g., pain, fever), they are non-specific and frequently associated with other systems. The diagnosis distribution is broad and lacks specificity for the genitourinary system. The clinical plausibility is considered plausible given the potential overlap, but the lack of specificity and the dominance of non-genitourinary symptoms/findings warrant caution. The diagnosis cohort safety is assessed as 'keep_manual_review' due to the broad nature of the top diagnoses and the need for clinical context to confirm genitourinary involvement. Mapping assessment is 'not_needed' as the code is present in rules by SUT code. The confidence is high (0.85) based on the aggregate data, but the lack of specificity necessitates continued manual review observation.","False","False","False"
"rr_medgemma_0021_530160","41","530160","sut_6_digit","present_in_rules_by_sut_code","genitourinary","5304","0.2390932","low","medium_high","manual_review_policy_observation","completed","plausible","keep_manual_review","not_needed","0.85","False","keep_manual_review_observation","keep_manual_review_observation","J06;J39;R11;R05;R50;J00;J02;J20;E55;R10","J06;R11;J39;R05;R50","Specificity of genitourinary symptoms (N39.0) is low; consider more specific codes.;Need more specific diagnosis codes to rule out serious conditions.","The top diagnoses are broad symptom codes (R codes) and non-specific respiratory conditions (J codes).;The prevalence of R codes might indicate a need for more specific diagnosis.;The combination of respiratory and genitourinary symptoms needs careful evaluation.;The clinical theme is genitourinary, but the top diagnoses are not primarily genitourinary; this might be a data issue or reflect a broader symptom presentation.","The candidate code (530160) maps to a clinical theme of 'genitourinary'. The top diagnoses associated with this code are primarily broad symptom codes (R codes) and non-specific respiratory conditions (J codes). While the top diagnoses are plausible, they lack specificity, particularly for the stated genitourinary theme. The diagnosis cohort is broad, including respiratory symptoms, general symptoms, and some specific conditions like J06.9 (Acute upper respiratory infection, unspecified), R11 (Unspecified symptoms and signs involving the circulatory and respiratory systems), J39.9 (Unspecified disease of respiratory system), R05 (Cough), R50.9 (Unspecified fever), R10.4 (Headache), J20 (Acute bronchitis), J00 (Acute nasopharyngitis), J02 (Acute pharyngitis), E55.9 (Unspecified nutritional deficiency), and J06.9 (Acute upper respiratory infection, unspecified). The lack of specific genitourinary diagnoses in the top results raises concerns about the clinical focus. Given the broad nature of the top diagnoses and the lack of specificity, keeping the manual review is recommended for observation and potential policy refinement. The mapping assessment is 'not_needed' as the current mapping seems appropriate, but the clinical focus needs consideration. The confidence is high due to the clear association with the provided diagnoses, but the clinical utility for a specific genitourinary theme is questionable based on the top diagnoses.","False","False","False"
"rr_medgemma_0022_801720","42","801720","sut_6_digit","present_in_rules_by_sut_code","non_specific_symptom_dominant","4169","0.22147056","low","medium_high","manual_review_policy_observation","completed","plausible","conditional_only","not_needed","0.85","True","send_to_expert_priority_1","fast_track_to_human_expert_review","J;R;E;K;M;D50-D89;I;N","R05;J06;R50;J20;J30","Specific context for symptom dominance (e.g., acute vs. chronic, specific patient population).;Detailed prevalence data for the top diagnoses in the context of non-specific symptoms.;Information on potential comorbidities or differential diagnoses not captured in the top diagnoses.","The 'non_specific_symptom_dominant' theme is broad. While the top diagnoses are plausible, the lack of specificity could lead to misdiagnosis or delayed diagnosis of underlying conditions.;Reliance on symptom codes (R codes) can be problematic due to their non-specificity. Review reduction should be approached cautiously.;The high prevalence of respiratory symptoms (J codes) might be influenced by seasonal factors or environmental conditions, which are not accounted for.;The top diagnoses represent a mix of acute and chronic conditions. The clinical context is crucial for differentiation.","The clinical theme 'non_specific_symptom_dominant' (code 801720) is associated with several plausible diagnoses, including respiratory symptoms (J codes), symptom codes (R codes), and other conditions like E55.9, R50.9, J20, J30.2, J20.9, R07.4, R53, J18.9. The top diagnoses (R05, J06.9, R50.9, J20, J30.2) are clinically relevant given non-specific symptoms. However, the theme itself is broad, and the diagnoses are somewhat heterogeneous. The high confidence (0.85) and the fact that the code is present in the rules support the plausibility. The diagnosis cohort safety is considered 'conditional_only' because the non-specific nature requires careful clinical judgment. The mapping assessment is 'not_needed' as the code is directly linked to the theme. Given the high confidence and plausible diagnoses, the recommendation is to send this to a human expert for priority review (eligible_for_human_expert_fast_track=true). The prefixes to keep under manual review (R05, J06, R50, J20, J30) are those representing the most frequent symptom categories or specific conditions identified within the non-specific symptom theme, requiring expert validation.","False","False","False"
"rr_medgemma_0023_905671","43","905671","sut_6_digit","present_in_rules_by_sut_code","obstetric_pregnancy","3009","0.29512543","low","medium","manual_review_policy_observation","completed","plausible","keep_manual_review","not_needed","0.75","False","keep_manual_review_observation","keep_manual_review_observation","R68;E55;N39;R10;Z00;R11;J06;R50;N30","R68;E55;N39;R10;Z00","Specificity of diagnosis codes within the top diagnoses.;Context of diagnoses (e.g., inpatient vs. outpatient, specific pregnancy stage).;Prevalence of these diagnoses in the target population.","The top diagnoses are broad (e.g., R68 - Symptoms/signs involving the circulatory and respiratory systems, E55 - Iron deficiency anemia, N39 - Disorders of the urinary tract).;The clinical theme is obstetric pregnancy, but the top diagnoses are not exclusively pregnancy-related or specific to pregnancy complications.;The diagnosis distribution might be skewed by the data source or coding practices.;The 'review_required' status in the runtime rules suggests potential policy concerns or ambiguity.","The candidate code (905671) maps to a set of diagnoses (R68, E55.9, N39.0, R10.4, Z00.0, Z33, R11, J06.9, R50.9, N30.0) which are clinically plausible in the context of obstetric pregnancy, although many are non-specific symptoms or conditions. The top diagnoses cover a range of symptom/finding codes, genitourinary issues, and endocrine/metabolic conditions. The distribution is relatively broad, with no single diagnosis dominating significantly (top share ~16.5%). The runtime rules flag this for review. Given the broad nature of the top diagnoses and the existing 'review_required' status, keeping manual review for observation is recommended to monitor for potential drift or unintended consequences before considering policy changes. The diagnoses are generally plausible, but the lack of specificity and the mix of pregnancy-related and non-specific codes warrant caution. Mapping assessment is 'not_needed' as the current codes are directly present in the rules.","False","False","False"
"rr_medgemma_0024_803570","44","803570","sut_6_digit","present_in_rules_by_sut_code","non_specific_symptom_dominant","2612","0.24077181","low","medium_high","manual_review_policy_observation","completed","plausible","conditional_only","not_needed","0.85","True","send_to_expert_priority_1","fast_track_to_human_expert_review","R10;E55;R11;N39;R53;K21;R50;J06;K30;A09","R10;E55;R11;N39;R53","Specific context for symptom presentation (e.g., duration, severity, associated signs).;Differential diagnoses beyond the top diagnoses listed.;Patient demographics (age, sex, comorbidities) which could influence diagnosis probability.","The top diagnoses are non-specific symptoms or findings (R codes) and conditions with broad symptom overlap (e.g., E55.9, K21).;Reliance on symptom codes increases the risk of misdiagnosis or delayed diagnosis of underlying conditions.;The clinical context is crucial for interpreting these symptoms and determining the appropriate diagnostic pathway. Review reduction without careful consideration could lead to inappropriate care.","The candidate code (803570) maps to a clinical theme dominated by non-specific symptoms. The top diagnoses include several R codes (symptoms/findings) and conditions with vague presentations. While the aggregate data shows a plausible distribution, the lack of specificity in the symptoms makes it difficult to definitively rule out serious underlying conditions without further clinical context. Therefore, while the distribution is plausible, manual review is recommended to ensure appropriate clinical evaluation and prevent potential harm due to reliance on non-specific symptom codes. The high confidence and plausible clinical picture support fast-tracking to a human expert for review.","False","False","False"
"rr_medgemma_0025_530100","45","530100","sut_6_digit","present_in_rules_by_sut_code","non_specific_symptom_dominant","2428","0.29020333","low","medium_high","manual_review_policy_observation","completed","plausible","conditional_only","not_needed","0.85","True","send_to_expert_priority_1","fast_track_to_human_expert_review","R07;I10;R00;R11;E55;R06;R10;R53;M79","R07;I10;R00;R11","Specific context for R07.4 (e.g., specific type of pain, duration);Specific context for I10 (e.g., type of heart disease, severity);Specific context for R00.2 (e.g., specific type of chest pain, radiation);Specific context for R11 (e.g., specific type of dizziness, cause);Specific context for E55.9 (e.g., specific endocrine disorder, symptoms);Specific context for R06.0 (e.g., specific type of localized edema);Specific context for R10.4 (e.g., specific type of visual disturbance);Specific context for R53 (e.g., specific type of headache);Specific context for M79.1 (e.g., specific type of back pain, location)","The top diagnoses are non-specific symptoms and findings (R codes) and general conditions (I10, E55.9).;Without specific context or associated findings, these codes can be ambiguous and may not represent the underlying cause.;Review reduction could lead to misdiagnosis or delayed treatment if the underlying cause is missed.;The prevalence of symptom codes suggests a need for careful evaluation to differentiate between various potential underlying conditions.","The clinical theme is non-specific symptom dominant. The top diagnoses are primarily symptom codes (R codes) and general conditions like essential hypertension (I10) and unspecified hypothyroidism (E55.9). While the aggregate distribution shows a concentration in symptom codes, the specific context for these symptoms is missing at the aggregate level. The diagnosis cohort is plausible but requires careful interpretation due to the non-specificity. The confidence is high based on the aggregate data. The assessment suggests that while the distribution is plausible, the non-specific nature warrants expert review to ensure appropriate diagnosis and management, especially given the potential for serious underlying conditions masked by general symptoms. Therefore, the recommendation is to send this to an expert for priority review.","False","False","False"
"rr_medgemma_0026_801780","46","801780","sut_6_digit","present_in_rules_by_sut_code","musculoskeletal","2212","0.25804334","low","medium","manual_review_policy_observation","completed","plausible","keep_manual_review","not_needed","0.85","False","keep_manual_review_observation","keep_manual_review_observation","M79;M25;W19;S93;S52;S63;S62;M79.1","M79;M25;W19;S93","Specificity of musculoskeletal conditions (e.g., M79.9 vs. more specific codes).;Context of injury/poisoning (S-T codes).;Nature of external causes (V-Y codes).","The top diagnoses are broad (e.g., M79.9, S93.4).;Overlap between musculoskeletal (M), injury/poisoning (S-T), and external causes (V-Y) chapters.;Potential for misclassification or incomplete coding.","The candidate code (801780) maps to a clinical theme of musculoskeletal conditions. The aggregate diagnosis distribution shows a concentration in musculoskeletal (M codes), injury/poisoning (S-T codes), and external causes (V-Y codes). The top diagnoses include broad categories like M79.9 (unspecified dorsalgia) and S93.4 (unspecified injury of muscle, fascia or tendon). While the distribution is plausible within the musculoskeletal theme, the lack of specificity and overlap across diagnostic chapters warrants continued manual review to ensure accurate coding and clinical relevance. The confidence is high due to the clear association with musculoskeletal themes and the presence of the code in runtime rules. However, the broad nature of the top diagnoses and the potential for overlap necessitate observation rather than immediate policy change or auto-application.","False","False","False"
"rr_medgemma_0027_905670","47","905670","sut_6_digit","present_in_rules_by_sut_code","non_specific_symptom_dominant","1733","0.40892054","low","medium_high","manual_review_policy_observation","completed","plausible","conditional_only","not_needed","0.85","True","send_to_expert_priority_1","fast_track_to_human_expert_review","J06;J39;J03;E55;J00;J11;R50;R05;J30;R68","J06;R68;J39;J03;E55","Specific context for R68 (e.g., fall, injury mechanism);Specific context for J03.9 (e.g., specific upper respiratory infection);Specific context for J39.9 (e.g., specific lower respiratory infection);Specific context for J06.9 (e.g., specific acute upper respiratory infection);Specific context for E55.9 (e.g., specific nutritional deficiency);Specific context for J00 (e.g., specific acute nasopharyngitis);Specific context for J11.1 (e.g., specific influenza);Specific context for R50.9 (e.g., specific headache);Specific context for R05 (e.g., specific cough);Specific context for J30.2 (e.g., specific acute bronchitis)","Non-specific symptom dominance (J06, J39, J03, J00, J11, R50, R05, J30) makes it difficult to rule out serious underlying conditions without further context.;R68 (Other symptoms and signs involving the circulatory and lymphatic systems) is very broad and requires specific context.;E55.9 (Other specific nutritional and metabolic deficiencies) is broad and requires specific context.;The combination of symptoms could represent multiple conditions or a single complex condition.;The top diagnoses are common but require careful evaluation to exclude more serious pathology.","The candidate code (905670) maps to a set of diagnoses dominated by non-specific symptoms (e.g., J06, R68, J39, J03, E55) and common conditions (J00, J11, R50, R05, J30). While the diagnoses are plausible and represent common presentations, the lack of specificity raises concerns about potentially missing serious underlying conditions. The top diagnoses are common respiratory symptoms, circulatory/lymphatic symptoms, and nutritional deficiencies. The clinical plausibility is assessed as 'plausible' given the common nature of these symptoms, but the safety is 'conditional_only' due to the non-specific nature. The confidence is high (0.85) because the mapping is clear and the diagnoses are common. The assessment recommends sending to a human expert for priority review (eligible_for_human_expert_fast_track=true) because while the diagnoses are plausible, the non-specific nature requires expert clinical judgment to ensure appropriate workup and rule out serious conditions. The prefixes J06, R68, J39, J03, and E55 are kept under manual review due to their broad nature and potential for serious underlying causes.","False","False","False"
"rr_medgemma_0028_907660","48","907660","sut_6_digit","present_in_rules_by_sut_code","eye_ear","1723","0.27710512","low","medium","manual_review_policy_observation","error","insufficient_evidence","insufficient_evidence","canonical_identity_uncertain","0.0","False","blocked_no_inference","keep_manual_review_observation","","J06;R50;J11;J30","medgemma_response_parse_error","json_object_not_closed","MedGemma shadow inference satırı tamamlanamadı: medgemma_response_parse_error.","False","False","False"
"rr_medgemma_0029_530350","49","530350","sut_6_digit","present_in_rules_by_sut_code","cardiology_symptom_or_monitoring","1394","0.2942464","low","medium","manual_review_policy_observation","completed","plausible","keep_manual_review","not_needed","0.85","False","keep_manual_review_observation","keep_manual_review_observation","J;R;E;A-B;K;D50-D89;M;H","R05;J06;R50;J20;J30","Specificity of symptoms/findings for the SUT code.;Context of the SUT code within the patient's overall condition.;Severity or acuity implied by the SUT code.","The top diagnoses cover a broad range of respiratory and symptom/finding categories. While plausible, the specificity for the SUT code (530350) is unclear without more context.;The diagnosis cohort is broad, potentially including both acute and chronic conditions. This makes it difficult to assess the appropriateness of the SUT code without further clinical information.;The review reduction potential is low, but the clinical plausibility relies on the interpretation of the SUT code within a specific clinical scenario, which is not provided.","The SUT code 530350 maps to a clinical theme related to cardiology symptoms or monitoring. The top diagnoses include respiratory symptoms (J), symptom/finding codes (R), and other categories. The diagnosis cohort is plausible but broad. Given the low specificity and the need for clinical context, keeping the manual review observation is recommended to monitor the application of this SUT code and associated diagnoses. The confidence is high due to the presence of the code in rules and the plausible diagnoses, but the lack of specificity warrants continued observation.","False","False","False"
"rr_medgemma_0030_700600","50","700600","sut_6_digit","present_in_rules_by_sut_code","cardiology_symptom_or_monitoring","1341","0.49192735","low","medium","manual_review_policy_observation","completed","plausible","keep_manual_review","not_needed","0.85","False","keep_manual_review_observation","keep_manual_review_observation","R07;I10;R00;R06;E55;I25;I49;R01","R07;I10;R00;R06","Specificity of symptoms/findings for the SUT code.;Context of the diagnoses (e.g., acute vs. chronic, inpatient vs. outpatient).;Severity or stage of the conditions represented by the diagnoses.","The top diagnoses are broad symptom/finding codes (R codes) and some specific conditions (I10, I25.1, I49, E55.9).;The clinical theme is cardiology symptoms or monitoring, but the top diagnoses include non-cardiac symptoms and findings.;The diagnoses represent a mix of cardiovascular and other conditions, potentially diluting the focus on cardiology.;The prevalence of symptom codes might indicate a need for more specific diagnostic information.","The aggregate diagnosis distribution shows a mix of cardiovascular and non-cardiovascular symptoms and findings, with a concentration in R codes. While the top diagnoses are plausible within the 'cardiology_symptom_or_monitoring' theme, the broad nature of some codes (like R07.4, R00.2, R06.0) and the inclusion of non-cardiac conditions (like I10, I25.1, I49, E55.9) suggest that the cohort is not narrowly focused on specific cardiology conditions or monitoring needs. The confidence is high due to the presence of the SUT code in the rules and the clear distribution of diagnoses. However, the lack of specificity and the mix of conditions warrant continued manual review observation to ensure appropriate application and avoid unintended consequences. The mapping assessment is 'not_needed' as the SUT code is present in the rules. The recommended triage is to keep manual review observation.","False","False","False"
